header length,13
Area,United Kingdom
Data Source,Regional simulations
Members,00000,01113,01554,01649,01843,01935,02123,02242,02305,02335,02491,02868
Scenario,RCP 8.5
Software Version,WPS-2.7.0-DP-2.7.0-CV-1.0.8
Spatial Representation,Country
Temporal Average Type,Monthly
Time Period,all
Variable,Maximum air temperature at 1.5m (°C)
Year Maximum,2081
Year Minimum,2020
Date,Maximum air temperature at 1.5m (°C)(HadREM3-GA705-r001i1p00000),Maximum air temperature at 1.5m (°C)(HadREM3-GA705-r001i1p01113),Maximum air temperature at 1.5m (°C)(HadREM3-GA705-r001i1p01554),Maximum air temperature at 1.5m (°C)(HadREM3-GA705-r001i1p01649),Maximum air temperature at 1.5m (°C)(HadREM3-GA705-r001i1p01843),Maximum air temperature at 1.5m (°C)(HadREM3-GA705-r001i1p01935),Maximum air temperature at 1.5m (°C)(HadREM3-GA705-r001i1p02123),Maximum air temperature at 1.5m (°C)(HadREM3-GA705-r001i1p02242),Maximum air temperature at 1.5m (°C)(HadREM3-GA705-r001i1p02305),Maximum air temperature at 1.5m (°C)(HadREM3-GA705-r001i1p02335),Maximum air temperature at 1.5m (°C)(HadREM3-GA705-r001i1p02491),Maximum air temperature at 1.5m (°C)(HadREM3-GA705-r001i1p02868)
2020-01-16,6.182367,5.1912475,7.033899,7.3435607,7.0035033,7.7754455,5.4529967,6.3731627,6.578058,5.31228,8.928949,4.1704955
2020-02-16,7.1461425,6.3696837,6.507013,4.0384765,7.446588,7.715509,2.3912902,6.580957,7.385095,3.9453979,7.351709,4.8610473
2020-03-16,6.1069274,6.7541747,8.690058,6.8406615,7.3803954,8.995874,7.04989,8.827173,10.339167,8.491144,8.876673,4.681726
2020-04-16,9.648035,8.698328,11.631678,7.5105224,9.679316,11.368555,10.553431,9.537561,10.248468,9.593683,10.452051,9.390192
2020-05-16,12.211603,14.886225,14.753778,12.855982,12.660364,14.646479,12.625879,16.545557,14.286737,12.967585,17.024347,12.54748
2020-06-16,17.72326,17.550287,19.053125,16.708124,16.846949,18.27511,18.258966,15.414637,21.342981,13.912073,25.127253,22.366724
2020-07-16,22.338923,18.55813,19.274073,20.98559,18.911463,25.076197,17.005579,18.12234,20.537561,19.377253,23.58224,21.235926
2020-08-16,22.962336,18.378138,18.231012,20.713587,17.587336,21.812342,20.83642,19.74853,21.267176,19.157495,24.192377,19.05758
2020-09-16,16.310816,17.10052,17.22207,16.67129,17.702662,16.247766,19.003412,18.48504,16.992762,14.250757,22.751154,18.067865
2020-10-16,13.893488,13.65304,14.099573,11.980402,14.73205,13.03158,12.655329,14.176203,13.071619,12.289392,14.847162,14.509333
2020-11-16,9.265345,8.550653,8.724878,10.602625,8.866297,10.45257,8.347193,8.110956,8.446253,8.101557,10.007776,10.99029
2020-12-16,7.5317016,5.1859374,6.2117553,8.716425,6.594995,9.430445,7.797479,4.7907043,5.1115966,6.5057616,6.051782,9.623102
2021-01-16,6.6125426,4.8075805,6.4826903,8.6010685,3.4038634,8.274256,6.780084,5.473535,7.046991,5.352075,4.923364,6.433679
2021-02-16,8.389978,6.0673156,5.2431884,7.9328856,5.031427,8.533533,7.2965026,7.466089,8.45495,5.06521,7.76745,8.101252
2021-03-16,7.334131,5.511041,7.002313,7.8240905,6.1812377,9.338587,8.490473,6.7531676,7.6427245,7.3559813,8.171289,8.386286
2021-04-16,9.220972,9.669184,7.414331,10.612543,8.624231,10.321222,7.056787,11.277246,10.072901,5.9740233,11.263666,10.250025
2021-05-16,14.125849,13.305292,12.984125,10.152857,13.169001,14.036768,14.553827,15.9491825,14.114527,13.994745,13.909632,15.68664
2021-06-16,18.377985,16.015558,13.311335,17.381006,15.7963505,21.46026,14.935877,19.616388,17.475275,16.389032,16.374964,17.504023
2021-07-16,18.267298,19.986628,19.447382,21.410212,19.680353,21.307825,18.182154,20.826899,17.523554,16.320276,23.799067,21.27331
2021-08-16,17.598139,17.845118,20.427332,20.92541,19.649927,20.667017,19.51565,19.583185,18.044367,16.268763,23.116968,22.878351
2021-09-16,17.191614,17.104334,16.52804,17.573298,16.019709,18.837671,16.527216,17.749842,18.298761,14.646662,20.057611,20.658655
2021-10-16,13.864496,12.674311,12.921961,15.023218,11.424189,15.085382,10.718561,13.98971,12.345636,12.950098,14.163233,15.163141
2021-11-16,9.8580265,9.899103,8.429743,10.896051,10.8492985,10.106043,7.2858825,9.450647,11.63656,7.2528014,10.94137,9.8484745
2021-12-16,9.468592,7.715692,7.555322,5.965204,8.117701,8.3632145,5.9085326,6.5723205,9.287012,6.1668334,9.059412,6.766168
2022-01-16,8.876795,7.681268,7.8616576,7.9302917,3.2980895,4.9988647,7.292627,6.098413,7.9870543,6.2252746,6.8499084,7.53042
2022-02-16,7.9740233,4.387384,6.3855224,7.3220153,5.1151366,7.0065856,8.367029,8.3345585,7.761316,5.100061,8.506311,6.7683654
2022-03-16,7.9207397,7.8330016,7.984918,7.8475585,4.9120727,7.0328307,6.7478576,8.712397,5.3086486,6.833368,6.798364,8.842737
2022-04-16,9.948816,10.921106,10.428797,10.297876,9.877375,9.9821415,8.525324,9.233789,9.919062,7.8279357,12.0151615,9.270868
2022-05-16,14.189875,14.295954,14.339777,16.788843,12.4778385,13.902674,12.30691,15.607782,14.604303,13.355341,13.414698,14.809046
2022-06-16,17.21908,15.918848,21.019587,18.484278,16.142847,17.96322,18.723078,17.814173,20.819117,14.911707,17.662867,21.984095
2022-07-16,19.38418,17.216242,21.728418,21.328547,19.443598,20.603296,19.168207,19.167841,18.833216,18.759333,21.472956,21.398157
2022-08-16,18.813807,18.179987,23.744318,20.91366,21.414331,21.720514,19.256464,19.624811,21.143,18.821436,22.077509,19.207483
2022-09-16,15.773157,16.3565,19.80462,18.377771,18.06283,19.81573,17.075922,18.086664,17.248682,14.423792,18.062708,16.423395
2022-10-16,11.441675,12.197565,14.770105,13.565943,13.264765,13.055933,13.875666,13.089899,12.738123,11.7174015,12.719233,14.308039
2022-11-16,9.763971,8.637232,9.289026,11.73324,9.225,9.641077,8.754663,9.830408,8.822748,8.714075,9.182825,9.384943
2022-12-16,8.14657,7.679956,7.469415,8.603601,6.43667,5.2983947,7.4166503,7.1648803,5.6045165,5.326349,4.66604,7.577844
2023-01-16,6.7009215,7.227472,8.409571,7.685144,5.6458983,6.3016295,2.7013793,5.7254577,3.0303283,5.522119,6.903955,6.0154967
2023-02-16,7.143945,6.868585,7.6844115,7.738855,7.537256,8.46084,5.303552,2.639093,4.756799,6.3657775,8.718775,6.9591002
2023-03-16,10.1625,7.5384765,6.103357,8.758356,7.8722167,10.291407,6.0957885,7.9602294,7.3872313,4.7171874,7.698816,8.74032
2023-04-16,11.494532,9.641016,10.504145,10.675959,11.378412,13.206415,10.232508,12.145166,8.556086,10.119471,11.611902,10.805567
2023-05-16,15.848841,12.83703,12.245508,15.585138,16.664698,14.633234,11.685053,14.235956,13.5281315,15.106806,14.0290165,14.570948
2023-06-16,19.355616,18.418299,19.603266,20.303278,16.466822,20.288202,17.999537,18.93957,19.79107,14.371759,18.879267,18.561945
2023-07-16,22.778772,19.431147,24.153833,21.287592,19.519464,19.804682,17.672052,20.369226,24.037409,17.136896,21.53808,25.483637
2023-08-16,21.860804,18.788141,23.053308,20.17898,19.871851,21.58645,19.006708,21.059656,18.515802,18.799738,23.13943,20.87774
2023-09-16,18.22384,17.284601,17.601954,17.73614,18.413935,17.492579,18.388086,18.154749,16.865503,17.655664,20.392206,17.735102
2023-10-16,12.196161,12.980524,13.037775,13.15484,14.422907,12.902094,12.673975,12.609461,13.344233,14.014063,15.587458,12.494226
2023-11-16,7.4408507,9.24267,8.060053,9.209284,9.140558,9.104242,7.815973,10.09881,11.005854,7.447992,11.981714,7.7377563
2023-12-16,7.6860595,9.360346,7.7059875,5.7815795,8.415552,7.926843,8.395838,8.403772,8.104822,7.0035033,8.091455,6.962518
2024-01-16,8.085901,5.0203795,6.49682,6.4112487,6.5742126,6.997583,6.159387,7.8129516,4.1715636,3.6316466,4.8426147,5.1160827
2024-02-16,5.640863,7.1243834,5.9648376,8.245417,6.2729125,7.5486083,5.0674376,6.008386,5.120935,4.331018,8.02807,6.6737
2024-03-16,8.395746,8.587915,8.370234,7.1458373,7.463403,9.614527,8.047449,8.892908,5.8733764,8.088373,8.019129,7.8992248
2024-04-16,9.916132,9.980066,11.175623,10.330957,11.5837345,10.007563,9.438532,10.285852,9.54693,10.301447,12.284021,10.206324
2024-05-16,13.0125675,13.614252,10.873621,13.40835,12.247705,12.942163,12.208582,15.295191,12.851801,12.273462,14.28805,11.863764
2024-06-16,14.510553,16.376093,18.108698,16.520685,15.621088,17.493128,18.010157,18.45492,17.090601,16.226526,17.974298,19.250666
2024-07-16,18.604761,17.775385,19.245264,20.224878,19.623652,21.285334,19.030695,22.097895,17.770319,20.208185,19.994654,19.461786
2024-08-16,18.702692,18.822016,19.27749,20.327265,18.045343,21.166162,19.57818,21.379786,20.755396,18.51803,21.406153,20.148127
2024-09-16,16.271204,18.045313,17.57287,18.601313,14.736536,16.787867,16.703455,17.827784,16.218714,15.03042,19.22857,16.309717
2024-10-16,14.298517,13.363672,14.371241,13.702906,10.748865,13.250422,14.464289,14.554468,12.541468,11.656672,12.627771,12.853968
2024-11-16,9.805353,9.629877,12.005426,10.720667,6.8080688,10.160608,8.76919,9.5142765,8.183588,7.460077,8.854059,9.355158
2024-12-16,8.254267,7.6855407,9.089289,9.541193,6.2489257,9.140284,3.548883,8.662622,6.9773498,4.5826964,8.055689,9.318445
2025-01-16,7.1609435,5.6132445,6.4204955,8.289118,6.1493773,6.2532287,5.1624084,6.760156,7.5719543,4.7465453,6.6075377,7.0893188
2025-02-16,4.0725036,7.7301574,5.1913695,7.713403,6.91427,8.298334,5.135614,7.434076,4.915918,5.397363,6.3261657,8.566004
2025-03-16,7.9528136,9.504572,11.720789,8.311304,7.944696,9.21203,9.248194,7.0237365,6.7970214,6.471002,9.226618,10.147303
2025-04-16,9.390619,9.337183,12.004755,11.997919,8.994043,11.125696,12.647303,12.864496,7.8610168,8.532282,10.327875,10.145411
2025-05-16,14.224878,15.585688,13.784632,14.421137,12.403589,12.424799,11.290918,16.475367,13.751123,11.170588,12.620447,12.303553
2025-06-16,20.505457,17.442987,15.262262,19.97259,15.3840275,22.682642,16.938227,19.651514,14.580713,15.136133,18.750788,19.595026
2025-07-16,23.712671,20.560541,21.037043,20.43258,20.490595,25.875147,21.305414,19.297785,17.65655,20.129389,21.39956,21.125483
2025-08-16,21.999231,18.898188,20.435236,19.644129,20.543573,22.920649,22.00268,20.74859,17.544794,20.055872,23.185236,21.089075
2025-09-16,19.650171,15.6262455,18.212488,19.380457,19.898615,19.069696,18.67245,18.244196,16.496119,16.219812,19.598536,17.360773
2025-10-16,14.141169,12.770594,14.420618,14.793573,12.152002,14.650324,13.223627,12.231012,12.324152,10.0932255,14.560358,15.352655
2025-11-16,9.602411,8.80279,8.773767,9.570002,9.752985,10.777765,10.125025,9.373407,6.6456847,7.3855224,11.3875065,10.272669
2025-12-16,8.893183,7.43728,8.282068,8.012049,6.9318175,7.1255126,6.4521728,7.230737,4.832849,2.0432372,9.277155,8.094934
2026-01-16,9.448725,4.911798,4.67016,8.989344,3.450952,6.192804,6.165735,5.7369018,5.328302,-2.4445252,8.215754,3.6754699
2026-02-16,9.099848,5.049066,5.545648,6.7651916,3.1305785,8.59347,6.23974,8.780176,4.392755,0.31102905,9.241297,8.107355
2026-03-16,10.114527,7.9707885,8.411463,8.733881,8.27685,9.034021,7.323602,7.7901244,7.5706115,5.685022,7.2733703,8.813074
2026-04-16,11.917353,8.436304,10.308985,13.223047,9.412348,12.214228,8.575556,11.835077,10.399012,7.725305,8.874933,11.146296
2026-05-16,14.896753,12.195429,11.883509,13.285395,14.119745,16.720697,14.901453,17.11831,14.454523,12.215174,13.870661,14.80868
2026-06-16,17.837732,19.867823,17.818598,18.671442,17.062067,19.692804,16.848352,18.620935,16.556055,13.9882145,18.995264,16.776392
2026-07-16,21.744379,19.055994,18.939539,23.140253,19.792902,20.978907,21.292261,18.52453,19.157312,15.199244,19.933344,20.510736
2026-08-16,20.356745,20.226404,19.827478,24.88009,20.726496,21.530848,20.29159,17.87594,20.212824,15.617212,21.788813,20.04809
2026-09-16,20.039026,17.117853,17.34826,19.982233,18.516657,16.926691,19.939386,16.997217,18.106318,14.665186,18.534876,21.888605
2026-10-16,12.610376,12.899195,14.00564,14.550348,13.587946,13.797571,14.0342655,14.735804,13.455652,12.914423,13.76269,12.504175
2026-11-16,9.270288,8.79397,9.210962,10.263208,8.21847,10.88888,10.915979,8.040766,9.476892,8.049982,10.757044,10.529993
2026-12-16,8.913721,5.8568664,8.031183,6.802942,5.513147,6.3619933,6.3566833,4.276666,6.102197,4.48089,8.838953,5.6424804
2027-01-16,7.211847,3.4316955,5.7776732,7.85412,4.1291747,3.8837523,7.448602,6.2077575,5.789148,5.6601806,7.527826,6.4174438
2027-02-16,4.3519835,7.639581,5.871362,8.314753,5.829889,4.263147,6.942041,6.70025,7.4599853,2.2106566,8.544947,7.4407897
2027-03-16,8.219843,7.838556,6.3019958,9.740595,9.049707,7.9144835,8.559961,9.299067,8.269495,6.3104186,8.097986,6.280542
2027-04-16,11.604944,8.24682,11.302515,9.9560795,10.653437,10.665247,9.878077,13.491877,9.475275,10.005793,12.198969,9.953211
2027-05-16,14.33935,13.467218,11.946711,13.195856,11.808283,14.297388,13.36825,13.6112,12.227472,13.748255,17.631708,15.194971
2027-06-16,16.219385,18.998652,15.761011,18.395319,16.618128,17.942194,17.189356,18.120234,15.601191,17.722345,24.998194,18.765253
2027-07-16,19.242212,19.313807,17.423883,20.552454,16.353174,18.873407,19.202234,21.273554,17.665613,18.583673,23.387293,20.521082
2027-08-16,20.249659,20.140223,18.856531,22.189844,18.665705,19.813166,21.305353,21.35644,18.96728,18.937464,24.40661,21.136652
2027-09-16,18.781672,15.377558,17.653803,18.530176,17.13305,19.355524,19.79107,17.98144,19.310022,14.847467,19.958216,18.519892
2027-10-16,13.9508915,11.819635,11.449671,13.502039,10.128626,16.01034,12.5086,13.726007,13.759699,13.028894,13.670404,13.862116
2027-11-16,11.546717,7.8008056,8.913385,11.377588,7.7914977,12.345819,9.096827,9.327478,10.319574,7.950006,10.06402,9.698084
2027-12-16,8.904108,7.2740417,5.283838,7.9898925,9.41543,7.2479186,9.141993,6.009607,8.664637,6.7067504,8.369715,8.189478
2028-01-16,6.4115233,5.340997,4.6770263,8.27804,5.147119,9.012537,5.5246825,6.477136,4.1387267,3.3851867,7.0156493,5.390039
2028-02-16,7.4878173,8.0198,6.3727355,7.318506,5.6628356,8.511347,5.6325927,7.0777526,5.202295,4.840509,5.8649535,8.641718
2028-03-16,9.027826,9.491571,6.645105,9.602655,4.4131103,8.343988,7.5198913,7.923364,8.125452,4.998773,6.399286,9.120722
2028-04-16,11.740564,11.510462,7.85473,13.304773,8.491968,9.386957,9.499567,11.337793,9.820429,7.1699767,9.769037,9.098993
2028-05-16,13.158991,18.43252,11.893244,18.864496,14.362848,12.673487,13.603388,14.220057,15.871119,11.262018,15.468195,12.543146
2028-06-16,18.898829,16.642786,18.560694,19.147608,20.331537,19.792963,15.398218,17.47793,19.293634,12.171503,19.025599,17.952387
2028-07-16,20.323267,20.871881,21.297907,18.80047,21.347681,19.760248,23.179163,19.753077,21.13531,16.062891,21.22619,19.593195
2028-08-16,17.784327,20.271845,20.321375,19.324762,20.247889,20.414728,19.41775,21.587519,20.794214,17.403467,23.327723,18.109247
2028-09-16,16.401392,17.315119,18.725306,18.664484,18.60348,17.974817,16.911951,18.497766,19.647364,15.71673,18.254358,17.262262
2028-10-16,12.227533,13.525965,13.648249,13.240137,15.421473,14.0151005,14.49206,15.192102,13.584253,13.529871,14.539331,15.034723
2028-11-16,8.362696,9.6722355,8.203577,9.730494,8.723841,11.350122,11.155939,10.468714,10.406519,9.446375,12.517542,8.49621
2028-12-16,6.099359,6.557977,7.208612,7.7355285,6.009027,7.8729796,5.203363,8.465509,8.204065,7.754358,7.6862426,8.521112
2029-01-16,4.0222716,3.1125731,4.92135,8.185907,5.8979735,8.920404,6.113977,4.3868346,6.629022,6.2283263,5.988397,8.372126
2029-02-16,4.999231,2.512384,5.419336,7.6538634,5.7702575,8.298182,6.7696776,8.408167,8.651941,1.4959046,6.7163634,6.691858
2029-03-16,6.991449,6.6322265,6.4830565,9.792078,6.8890014,9.006098,8.072992,9.725733,7.3250976,6.5433593,7.6737914,8.031153
2029-04-16,7.6278625,10.091425,11.190882,10.551569,10.32992,12.110193,11.729944,13.224115,10.87768,11.239679,10.039881,13.305231
2029-05-16,14.523249,12.997797,13.634516,14.274164,12.66424,14.361017,16.051111,13.960382,10.94607,13.396448,15.716181,14.397699
2029-06-16,17.094233,16.452906,17.721155,19.073938,18.475733,19.030725,18.906305,17.802332,20.128717,14.439569,22.144678,23.654871
2029-07-16,18.746668,22.280664,20.480341,22.088465,20.724146,21.593622,17.5982,20.052729,22.433832,18.172724,21.489252,22.61526
2029-08-16,21.335657,20.504389,21.423365,21.804804,18.893335,21.855066,19.228662,20.711023,21.997828,19.233545,20.565912,20.40597
2029-09-16,17.35586,17.217829,19.895258,20.58114,17.303797,17.044611,17.753016,17.493372,18.419703,15.456415,15.48678,16.167536
2029-10-16,14.118128,11.814325,13.597834,14.696161,11.926661,14.634424,13.115107,12.301416,15.306025,11.318964,12.515894,12.570246
2029-11-16,10.448755,8.997187,9.35705,11.686365,6.5728393,10.829981,9.88891,8.451654,8.730097,7.2972655,9.326838,10.881403
2029-12-16,9.205896,4.073663,7.763574,8.841578,4.183679,10.420588,9.226648,5.5133605,6.8802733,5.5886474,7.8306518,8.091639
2030-01-16,6.985193,5.350885,3.8964477,8.382746,5.313562,8.345789,7.8784423,4.116998,5.3761535,4.903711,7.4700866,8.173548
2030-02-16,7.573419,6.2480407,4.9292235,8.173426,5.5404906,8.464746,5.558038,6.673883,7.906671,5.2200255,6.834131,7.1491942
2030-03-16,7.584192,6.191858,9.274836,9.213526,7.6608214,9.062616,4.737451,8.709742,6.981836,8.809351,8.549036,8.392786
2030-04-16,8.13769,8.280207,10.056696,11.401361,9.095392,12.996119,9.294458,10.87417,10.319117,7.825586,12.349726,11.277918
2030-05-16,13.349482,11.279596,13.87649,16.74621,13.639948,16.153284,14.620661,13.697626,12.101923,13.005701,13.97201,16.108057
2030-06-16,18.624353,17.384943,18.768183,18.500788,14.8832035,19.496668,17.30749,16.379816,14.436945,14.807764,18.093714,18.1029
2030-07-16,19.84115,19.726465,20.472406,24.631922,19.090265,22.022486,19.686945,17.808527,22.00033,19.104242,21.122034,21.705683
2030-08-16,19.50506,21.681421,24.169428,20.361048,18.51092,21.770868,17.836634,19.49618,21.18014,18.023432,21.767664,21.202936
2030-09-16,17.54278,16.541803,18.309473,18.812647,15.432062,17.302485,18.346338,17.058252,21.854456,16.089808,19.197168,17.75509
2030-10-16,14.668299,11.432367,11.991846,13.882563,11.464594,13.714075,13.67071,13.48031,13.813532,11.531519,14.774591,14.817774
2030-11-16,10.201136,9.57583,8.475061,10.085779,6.8201537,9.584925,11.047388,9.408716,8.280054,8.093531,10.997492,9.627588
2030-12-16,8.037378,5.4726195,5.796106,7.1984496,7.6502624,6.846826,7.833978,5.955774,5.3818297,7.259149,7.271295,9.596613
2031-01-16,6.2640014,2.4258666,6.462854,4.249414,8.502344,8.43664,3.6644835,7.52395,6.9973693,5.309015,7.2864013,8.921015
2031-02-16,4.60473,4.9587646,6.4960876,5.424707,7.1439757,9.207544,6.328485,6.4279723,5.293573,3.515924,7.502252,8.7456
2031-03-16,10.401972,8.238276,8.857111,7.653833,4.1502013,9.382441,6.166467,8.387659,9.401117,6.5765624,8.950586,9.169306
2031-04-16,7.819757,12.607752,10.212519,9.54043,6.8064513,13.586054,9.411249,12.304102,10.081232,7.8554626,12.489832,11.24914
2031-05-16,13.537439,14.195032,12.48205,14.410578,11.871668,16.060114,15.646723,18.652185,12.292017,13.240442,13.411493,16.94256
2031-06-16,17.39773,18.117823,16.631128,15.921137,15.581263,18.36645,16.516474,17.24557,16.807978,16.008204,16.485804,18.01385
2031-07-16,18.472406,20.976313,20.776941,19.0852,17.461359,21.23379,20.904016,20.650202,21.284906,17.989954,19.580103,23.184046
2031-08-16,19.602625,18.467554,18.758234,20.230066,20.25918,20.109125,19.095026,20.938288,20.94021,17.704096,24.171808,23.508295
2031-09-16,18.01562,17.045038,17.406946,19.720026,16.243067,17.170008,20.009455,19.009424,20.977411,18.80462,21.699396,18.929743
2031-10-16,14.357813,12.663385,15.314386,12.749018,10.378443,13.847773,16.570765,14.686762,13.66427,12.387415,16.636408,14.350916
2031-11-16,11.773615,8.9760685,8.60824,11.53396,8.825525,7.4753356,10.295649,9.179987,9.548151,9.165644,10.961084,8.19787
2031-12-16,8.677088,6.6746154,9.218775,8.124781,8.178644,9.82165,7.1151366,8.339136,6.068689,6.1391234,8.438318,9.4066105
2032-01-16,5.3095946,4.5603576,5.775018,6.0322814,5.2203918,8.370874,5.6469054,7.635858,6.08703,4.7380614,7.629663,6.6248107
2032-02-16,8.250513,7.126886,4.910394,8.005426,4.4289184,6.6154723,5.713403,7.3226256,5.0493407,2.3202758,6.85885,7.142694
2032-03-16,7.490503,6.4345336,8.3435,8.41781,4.5001464,9.347834,6.829614,8.874018,6.311914,4.260675,10.224878,8.966364
2032-04-16,10.623713,9.668268,10.036707,11.7182865,7.9311156,8.726862,12.216822,9.838831,11.200739,8.237543,11.661493,9.058374
2032-05-16,13.222406,13.4013,13.128656,14.074549,11.0012455,17.710382,18.409296,17.002619,14.802729,10.033167,15.29394,13.190424
2032-06-16,17.447138,16.22973,15.406672,16.744867,18.298761,18.81344,16.4313,20.0469,19.304712,15.698969,21.006647,16.81753
2032-07-16,23.85592,21.499292,20.1813,20.017725,20.209558,20.405054,22.56698,21.723322,22.56756,16.42837,21.053186,20.235682
2032-08-16,21.076014,19.543543,21.13827,22.80105,18.445002,19.919977,20.539423,21.700983,19.647943,17.98739,19.507349,18.00973
2032-09-16,20.703058,17.10119,18.623316,17.940638,17.402033,18.462854,16.200983,18.474909,19.4685,17.894648,17.64004,18.587671
2032-10-16,15.690821,11.493128,13.179987,13.164209,13.795465,14.06576,10.938837,14.063501,14.411646,12.479334,14.382502,14.915522
2032-11-16,9.824549,9.00094,7.6953673,10.545801,6.920709,9.635004,7.537744,9.396387,8.515955,7.712091,10.004938,9.796595
2032-12-16,7.953546,8.313227,6.570459,4.9806457,6.7629943,7.0970397,2.5253234,9.887018,4.903833,8.085138,6.645807,8.000147
2033-01-16,6.8042846,5.348779,8.000513,7.1439757,2.9366698,6.89068,2.8359008,8.878565,7.1338134,7.1706786,5.636377,7.745813
2033-02-16,6.0830626,8.626673,6.2119994,7.684259,6.5712523,5.6747375,5.4381347,5.3636413,8.048731,4.1952147,6.155847,7.798059
2033-03-16,7.6447387,8.266413,7.825586,8.414301,6.356775,6.0544066,7.0674376,8.458765,9.049738,5.2341857,8.058252,11.332026
2033-04-16,8.798334,12.298182,10.367212,10.742304,11.669214,11.544092,9.829706,10.9461,11.269983,8.718439,11.461664,10.614283
2033-05-16,14.181726,14.077509,12.51156,14.370661,11.686487,13.721247,15.159174,16.697351,13.958796,10.740564,17.166162,12.491907
2033-06-16,20.712732,19.815638,20.318964,18.60943,18.549524,17.77276,22.247614,19.771753,17.669641,14.899836,21.989527,19.971521
2033-07-16,20.470545,21.040552,20.841211,19.796259,18.489832,20.9862,20.932428,20.301691,19.539454,18.068323,21.368616,23.87414
2033-08-16,19.945856,21.385828,20.714289,21.34051,20.080408,23.302698,22.78802,20.851313,19.83758,21.493586,23.743402,22.411188
2033-09-16,18.631952,17.34408,18.420008,20.21557,14.45965,17.985071,18.537043,18.57171,16.872309,15.421808,21.22857,18.922297
2033-10-16,14.50152,11.896326,13.459436,11.124933,13.322748,12.745203,15.802271,13.326288,13.931574,13.378809,14.382807,16.891962
2033-11-16,9.0404,10.168787,7.2429748,10.126184,9.338617,9.416986,10.588861,10.889185,11.080469,9.275934,9.19668,10.731897
2033-12-16,5.1598754,6.0106444,6.3492064,9.79748,5.494531,9.301752,6.4660583,8.862268,8.589106,6.304437,4.0762877,8.096643
2034-01-16,6.214441,5.370691,2.3339477,6.5777526,5.9349914,9.473749,4.8514647,4.8535705,5.423181,2.437982,3.4021544,8.260309
2034-02-16,9.032679,4.990564,4.736749,6.4297423,5.887201,8.0375,6.0071044,3.4677672,4.71322,7.080133,5.0775084,7.250726
2034-03-16,9.252863,8.172663,6.4730163,7.2724853,8.893152,8.892328,8.114893,8.097925,6.1169677,8.94375,8.3724,6.53869
2034-04-16,11.157618,10.289942,9.146784,8.941797,9.422327,14.181971,9.751307,12.101221,10.05755,9.9152775,11.233881,11.666864
2034-05-16,17.269587,12.224665,14.167841,13.672419,12.830042,13.734247,14.388483,15.701227,13.480402,12.148218,17.528223,17.64483
2034-06-16,19.25036,18.333246,16.140741,16.789606,16.987787,16.88244,18.242212,17.21084,18.740595,18.622004,22.598536,16.101404
2034-07-16,21.351862,19.024012,20.481836,19.884241,19.400873,21.175531,18.046595,20.033716,17.550776,19.018305,25.271082,20.132105
2034-08-16,20.90948,22.133905,19.00506,19.406061,20.434595,21.255762,19.978601,20.208216,20.693659,19.133997,23.558954,21.577723
2034-09-16,19.389948,17.716608,16.87884,18.280848,15.971216,18.764948,17.809626,20.236567,17.417933,16.642633,22.37057,19.386683
2034-10-16,13.905085,14.591822,15.999781,14.203516,13.167017,13.1809635,13.81045,13.814722,13.156824,12.508966,15.055658,14.176691
2034-11-16,9.704767,8.45669,10.147882,9.041834,10.1497135,8.91604,9.358545,10.73208,10.2304325,7.6074157,9.47143,10.933863
2034-12-16,7.5424743,4.146539,7.500177,7.269708,7.854669,6.4962707,7.4181457,8.100946,6.397821,5.225488,7.4973083,8.81756
2035-01-16,7.442346,7.307092,6.651605,5.699426,4.925531,7.850946,7.8349547,3.605371,6.840814,5.3379455,7.01098,6.9010253
2035-02-16,7.7160277,9.891199,6.057428,3.8479552,4.9829955,5.8099,4.0105834,7.3420653,6.97973,7.0090575,8.94726,8.702753
2035-03-16,9.087122,8.512751,7.71969,8.586054,7.177301,8.048517,6.6602416,8.605524,7.3660827,6.3740783,11.753504,10.001642
2035-04-16,8.022028,9.090265,9.629175,12.766474,9.542292,10.4856205,12.527704,10.764154,11.799555,7.0833373,11.67782,12.028437
2035-05-16,12.889612,12.163324,14.554346,17.013544,14.462488,13.563288,15.448114,16.977716,13.859827,11.530573,14.373774,13.9274845
2035-06-16,17.100214,16.488276,17.102991,18.692133,14.619226,18.441858,18.254145,22.303217,16.542871,15.714441,19.5216,18.329859
2035-07-16,20.17187,18.119684,19.780146,19.723566,20.50442,21.710505,21.628595,21.953455,18.76916,16.489374,22.110468,20.409937
2035-08-16,19.83822,19.22555,19.07879,21.81582,19.651087,22.320612,21.262018,22.365107,18.84295,16.391504,23.251154,22.888239
2035-09-16,19.123072,16.914606,18.13714,17.908777,18.291224,17.39248,16.649225,18.279505,17.688898,15.639856,18.893763,18.050623
2035-10-16,16.396204,12.195948,14.3612,13.905756,11.145868,13.796686,12.594751,13.481379,13.889429,11.976923,14.123072,15.291986
2035-11-16,12.068628,9.812403,9.939692,9.92956,7.857446,11.066248,7.2010436,11.048883,8.446375,7.476953,10.861048,11.564814
2035-12-16,8.295618,7.5656676,7.5674376,7.734552,4.8562865,5.6946044,7.749536,7.826471,6.6429076,5.944635,7.7669616,6.5143676
2036-01-16,6.359155,8.623163,7.1504455,7.4136596,3.3323302,7.1336303,4.4378905,4.9676757,7.5047545,4.9230285,7.185968,9.541285
2036-02-16,5.37713,8.481043,7.22796,9.047876,7.4143004,7.947595,6.3411193,6.3164306,8.093653,4.7340026,8.113459,8.81399
2036-03-16,9.445002,6.864801,7.759393,8.735041,7.0256896,10.349268,7.6637816,6.1727233,9.519495,5.728723,10.096247,8.30691
2036-04-16,11.428827,9.685083,11.5368595,10.646723,7.9805236,10.884058,9.92367,10.097895,12.193689,7.9640746,11.178064,12.88891
2036-05-16,15.249842,13.178614,13.248407,12.872492,12.681147,14.346125,16.858362,14.953882,14.284418,10.235102,14.460871,14.742914
2036-06-16,20.281397,20.870905,19.653894,16.688929,16.459925,21.8883,17.682032,19.250147,19.283594,17.615015,22.563349,16.356256
2036-07-16,18.69311,20.792994,19.411219,19.676538,18.571589,18.693445,21.364496,21.360193,19.784723,18.374506,24.567896,18.516077
2036-08-16,19.79687,20.40838,20.991022,21.397577,18.788843,24.288324,23.687952,21.4201,20.61297,19.590265,22.128626,19.259912
2036-09-16,16.709925,16.776423,20.544916,20.438715,17.069788,19.14126,20.013819,19.032618,18.214197,17.836267,21.371729,20.319025
2036-10-16,12.085382,14.394587,13.556147,15.0107975,11.800562,14.725794,13.445124,13.798731,13.860132,14.491236,16.520624,13.072901
2036-11-16,9.250696,11.761744,9.530085,11.566889,9.309412,11.011133,9.5872135,8.63003,10.053736,10.492945,11.581415,10.246576
2036-12-16,6.6172423,6.9089904,3.490686,9.769678,5.600061,8.000208,5.317407,6.8480163,4.4617553,7.1869445,7.7198424,5.387628
2037-01-16,6.4000487,5.5642333,5.282739,8.652704,4.591699,7.530908,2.4092345,4.9092956,3.8062072,6.6904845,7.094812,5.210626
2037-02-16,9.040857,9.086512,6.050775,7.111505,4.8449645,8.480646,5.4028563,7.264581,4.58703,5.4859557,7.2015014,3.3473449
2037-03-16,9.03216,7.441095,7.2051635,9.146967,7.6380553,7.988397,8.688227,9.070765,7.275842,7.3826537,9.954462,8.445887
2037-04-16,12.199549,11.202936,9.758142,10.175562,9.871668,11.777796,11.85586,11.610956,10.951654,10.019678,13.996393,11.750544
2037-05-16,12.4349,12.836847,11.548914,14.603144,11.310053,15.848841,15.242853,16.822657,14.519495,13.0487,15.392939,11.542841
2037-06-16,15.906031,16.785547,18.804712,18.960657,16.37356,18.452417,21.310328,16.872553,19.086664,14.311609,21.533869,17.290186
2037-07-16,19.872553,20.72497,20.931482,20.555506,18.275293,21.4992,20.257532,19.737543,20.811457,15.863367,24.03753,19.451105
2037-08-16,20.768335,21.703363,20.234278,21.205774,21.056025,20.737116,20.089106,22.24969,20.207941,18.241358,21.586817,20.434717
2037-09-16,18.821924,16.606531,17.422907,18.90072,17.317316,17.404505,18.28808,19.3417,18.876245,16.117243,20.079096,18.877405
2037-10-16,11.944269,12.341974,13.327692,14.673761,12.714777,16.041712,13.810328,13.359125,15.389643,12.595301,16.595453,14.423975
2037-11-16,9.90658,9.310968,9.795435,10.470728,9.937677,12.069056,10.708155,11.337732,10.383387,7.339868,11.359308,9.529444
2037-12-16,8.704035,5.3597655,8.278528,9.785059,6.5985045,9.337641,7.4182067,8.437494,6.5638366,7.4046874,6.555261,5.934381
2038-01-16,6.6994567,5.0620055,5.86474,7.072778,7.411218,8.508783,5.448663,7.9182067,6.431543,4.322595,8.328424,7.369867
2038-02-16,7.9519286,5.025903,6.789758,7.9027343,7.6515136,8.479273,7.5765624,7.8951354,4.260156,5.3609557,6.6789794,5.8872313
2038-03-16,11.143366,7.146997,7.711389,9.960627,6.7944884,8.789515,6.0824523,7.0728393,7.654657,6.4449706,8.087427,8.480982
2038-04-16,11.179255,11.278498,12.114222,10.55044,12.893152,11.9422245,10.947687,10.693079,11.760401,7.19906,12.310846,9.796747
2038-05-16,14.619684,14.120325,15.884363,15.297297,14.94198,14.556665,13.465387,12.849878,14.441858,17.958826,12.479334,14.367487
2038-06-16,16.751703,16.728815,18.797602,21.410059,15.848841,24.427637,17.818232,17.790339,15.69021,16.874475,21.277796,19.270227
2038-07-16,19.785791,19.433374,22.493189,23.27218,16.865564,22.375116,23.473719,22.286066,18.116999,20.933954,22.513453,20.402124
2038-08-16,20.344782,19.80166,19.841303,23.380976,17.554926,21.143,22.972132,21.811792,18.645502,19.14126,22.191034,21.583857
2038-09-16,20.254541,17.654108,18.059107,19.092585,16.112574,16.773676,22.138208,17.805628,19.93548,16.313776,19.133326,20.843958
2038-10-16,15.819269,15.209192,15.1123295,15.550653,11.30755,15.762232,16.50152,13.913721,17.21493,11.24032,14.311914,16.28158
2038-11-16,8.35821,10.620447,11.770227,10.107416,8.530237,11.287958,10.467646,10.345636,10.257593,6.4390197,9.834497,10.601618
2038-12-16,8.645075,7.731836,9.652124,8.358484,4.3296447,7.69082,7.831781,6.907556,9.363153,5.058191,9.837824,7.2201476
2039-01-16,7.5318847,6.3327575,5.9628844,6.28869,3.5437865,6.3101134,7.7452025,7.7200255,5.6529174,6.1777587,5.505182,7.7177672
2039-02-16,6.7159057,6.8315673,5.5432982,5.9067016,4.098474,8.49444,7.5110106,7.101648,7.0256896,2.939569,4.0470214,7.3471313
2039-03-16,8.730768,10.334192,7.376611,8.97613,6.4103026,7.390558,7.5897765,7.233087,6.356134,7.2387023,8.700129,10.7339115
2039-04-16,12.22085,11.541925,10.975122,11.861536,10.58761,10.157679,12.506525,10.038721,9.426111,10.531122,10.499079,10.858667
2039-05-16,15.258875,14.577143,11.431574,15.088984,14.424341,15.731409,15.413935,14.521875,16.478266,10.606897,15.330378,14.497095
2039-06-16,20.606134,18.43426,15.5975895,16.813929,18.297754,18.560266,18.955194,18.274622,18.541346,13.396753,19.41714,19.214624
2039-07-16,19.602625,19.507929,18.824945,19.081873,21.878717,21.023676,23.280146,21.678339,18.55813,19.577692,23.188654,20.31103
2039-08-16,20.271845,19.481134,22.391138,21.79864,20.102533,22.76568,21.544092,23.032404,21.985834,23.210382,22.47259,22.1336
2039-09-16,17.84643,17.407068,18.175623,18.213556,17.069727,21.089746,20.186335,19.878046,17.867517,17.090387,20.534784,17.893457
2039-10-16,14.343805,14.203516,12.341028,12.970911,12.860559,14.037531,15.826746,14.66897,14.216791,13.082636,14.56402,15.4109745
2039-11-16,9.714167,9.220057,8.121027,10.085108,9.718409,10.104303,10.418238,10.913019,9.298273,9.652124,11.114466,9.856531
2039-12-16,7.794824,8.464594,6.719232,8.561701,2.7000976,7.219934,5.3403563,8.000971,7.450769,2.9857116,7.690393,7.9526916
2040-01-16,8.301905,6.6164794,4.824823,8.131922,5.151178,8.173304,5.9822936,6.081079,5.941278,0.40319213,8.003351,8.30102
2040-02-16,8.172113,7.119348,7.002435,8.99383,7.271539,8.691065,5.7088866,7.2919555,5.0345397,3.7639403,8.35763,6.9239745
2040-03-16,8.783533,8.978724,9.676905,7.6275573,10.038111,9.725306,9.012018,8.6496525,6.7849364,4.338281,9.820246,8.5203495
2040-04-16,9.947657,8.773035,10.62826,13.218531,13.463007,11.206049,8.99859,11.486353,11.068415,6.027429,10.240961,13.428156
2040-05-16,13.140253,14.601282,13.575281,20.35232,13.574701,14.092737,15.422998,15.932245,15.304163,8.097254,16.024134,17.30279
2040-06-16,17.181147,17.474634,18.417505,16.952387,15.802332,19.442072,17.523493,22.748774,17.3005,16.68728,20.503626,20.338282
2040-07-16,18.58761,18.96789,20.149012,19.439722,20.14071,23.257593,21.608332,21.63775,19.004786,22.300135,20.587244,22.834864
2040-08-16,20.685968,17.485376,20.360712,20.519922,19.027246,25.529657,22.987604,22.212854,21.962183,18.868433,20.955378,24.045069
2040-09-16,18.143518,15.874384,17.679438,17.279657,16.407282,21.535944,17.114496,21.581873,19.359827,17.340021,18.625086,20.757166
2040-10-16,16.00561,12.4534855,12.657648,13.004267,12.528284,15.944849,12.615961,14.677393,16.137293,13.043787,15.363367,16.896418
2040-11-16,11.011896,10.143396,9.336359,10.883326,9.926905,12.712885,10.975763,10.256708,9.56399,7.9184203,9.4205265,11.045282
2040-12-16,8.517176,7.1569457,7.524286,7.8393188,4.5733886,8.3501835,6.4916015,7.453058,8.195246,6.3887267,9.009485,7.612909
2041-01-16,6.2828307,3.9142394,4.212976,7.286218,6.550134,8.005976,8.174768,6.751367,3.717462,8.124231,5.912988,7.988092
2041-02-16,10.047327,6.2056212,5.1996093,5.795221,6.3295836,8.509211,6.626062,7.54223,7.3413024,6.6307006,9.120539,8.192041
2041-03-16,8.685816,9.059504,6.0487304,6.0945983,7.1779723,7.4929442,5.9268737,7.492517,8.051996,8.131739,9.438318,10.640345
2041-04-16,10.937922,9.824457,8.337397,9.41363,9.289972,10.477655,10.79809,10.173029,11.263483,9.933435,10.938501,10.382013
2041-05-16,14.424799,14.872339,13.664484,15.319696,11.730616,15.721613,14.632471,13.986567,14.41958,11.801355,17.325037,15.373682
2041-06-16,18.051752,19.477533,18.744226,19.59167,18.232508,20.83053,18.386286,16.947046,23.510523,20.215021,18.593103,18.8276
2041-07-16,21.607721,18.865992,19.534662,20.330622,17.222101,21.664026,21.113062,20.377558,20.873224,17.7055,23.208338,22.184687
2041-08-16,21.97085,19.20672,20.991144,21.345362,21.346674,20.839136,22.302942,20.764704,21.723017,17.776117,23.336084,21.81515
2041-09-16,18.682886,18.640802,20.0729,17.560297,17.817713,19.146235,22.146387,19.774591,22.059595,18.26156,21.465906,18.193628
2041-10-16,14.158014,13.656092,14.274286,14.094263,14.683283,17.034021,16.212366,14.112207,15.400476,12.847101,16.193506,13.110254
2041-11-16,11.506556,9.830652,9.788721,9.049616,9.242762,11.050959,12.400995,10.791712,10.027002,8.14245,10.7902775,10.106043
2041-12-16,8.948572,5.7576537,6.514795,9.028742,6.269769,7.1394897,8.074732,8.939508,5.721704,7.8535094,8.882013,7.9609923
2042-01-16,8.2998905,6.4892516,8.167475,7.297937,6.927423,7.614404,7.2143493,9.3918705,5.15188,5.26568,7.70849,7.728845
2042-02-16,7.784448,5.2792296,4.925592,7.4013915,7.9994445,8.329279,5.7604613,8.000849,8.00802,7.314813,10.536432,8.575098
2042-03-16,9.808893,7.434686,7.478235,9.273249,7.570642,10.317286,7.33645,8.761072,6.216211,7.61593,10.972956,9.086695
2042-04-16,14.23382,10.569696,11.737024,10.5090885,9.439783,10.726007,10.050928,12.756617,8.120081,9.8597355,11.752985,11.21258
2042-05-16,16.118769,12.594477,12.318445,16.54162,12.389032,14.457483,15.563257,13.430597,11.360773,11.143305,15.912409,14.697351
2042-06-16,17.852076,19.59054,15.483271,20.102045,15.812006,21.115503,16.65594,21.572474,17.356531,18.136835,18.571894,19.073298
2042-07-16,21.91488,19.024805,20.047205,19.274927,17.712946,24.154016,20.176569,22.330835,21.27926,19.549463,21.6112,23.229517
2042-08-16,19.603205,20.608576,19.85702,20.396723,19.287165,23.50738,21.170618,20.281763,20.600702,19.954828,24.080408,21.71441
2042-09-16,19.415522,19.201502,19.684809,18.544764,19.725183,19.465143,19.118586,16.723047,20.39126,18.0216,20.200373,20.231256
2042-10-16,14.439203,12.9561405,14.504663,14.114252,13.307825,15.579462,14.075556,14.29397,13.775843,12.340662,14.947687,14.558527
2042-11-16,12.48974,9.128931,10.186335,9.312067,9.696009,9.729853,9.761103,10.641199,9.2321415,9.627283,9.85586,10.387049
2042-12-16,8.700434,7.398401,6.892633,9.263971,7.8798766,8.094568,6.2799315,9.535395,7.4501586,8.432398,8.788355,6.6956725
2043-01-16,7.8246703,7.671594,8.193323,5.1170897,5.8249755,8.30868,4.441278,7.3786254,6.2962584,4.3492675,7.1369567,8.530664
2043-02-16,7.071008,8.865076,7.3124022,7.211847,2.701837,5.7558227,4.835962,7.344629,6.5920043,5.1780944,8.617243,9.414057
2043-03-16,9.979273,9.415064,7.053766,8.6722355,4.2583556,8.034571,6.510797,9.587397,7.563043,7.2464843,9.799067,7.472406
2043-04-16,10.782984,10.720362,11.018244,12.779779,10.209467,11.532312,10.986322,11.8883915,9.697901,7.881738,11.933619,11.8606205
2043-05-16,15.558313,14.22616,13.687555,13.348352,12.997889,12.485956,14.435663,16.849909,15.821314,13.11828,17.514124,14.215601
2043-06-16,19.086267,16.732538,17.27807,18.084253,16.529505,19.494379,19.566248,17.641962,20.05044,20.473352,21.564295,20.644526
2043-07-16,20.84649,18.971247,21.18606,18.62005,19.020563,22.013239,20.75863,19.453821,19.62646,21.356104,21.127985,21.478785
2043-08-16,22.103296,20.029291,21.430414,19.00805,19.989069,23.168604,22.926874,20.804895,20.152552,20.83642,24.020868,21.961206
2043-09-16,20.059992,18.033808,20.288294,18.14828,16.081476,22.007196,19.126215,18.972376,18.984064,19.601313,18.91134,20.149042
2043-10-16,14.427546,14.325373,13.567743,13.68548,11.852869,16.167078,16.309107,13.258692,13.638758,13.089838,12.705194,15.923212
2043-11-16,11.32406,11.796076,8.1617985,7.879968,7.3135314,10.270319,12.198053,10.064447,9.523249,7.743768,11.849909,11.074366
2043-12-16,7.558557,9.047876,7.145471,9.18844,6.5249267,6.4077697,8.463282,8.498133,7.8008056,8.041132,8.34646,8.453821
2044-01-16,6.787988,7.1923156,3.289392,8.090937,6.9022765,7.3367553,7.4764953,6.2327514,7.8158813,5.1975036,6.886926,6.955194
2044-02-16,8.190302,9.059656,3.852899,8.052729,7.055902,7.6623473,7.2519164,7.913141,5.8368163,5.3234496,4.8733764,8.358088
2044-03-16,7.550897,9.516352,8.248499,10.210413,7.577905,9.092737,8.791529,9.423487,6.852533,6.639215,8.869562,9.826868
2044-04-16,9.75033,11.431635,12.058954,10.633142,10.367151,10.50326,12.99505,11.121119,10.636957,10.250605,12.79339,12.097162
2044-05-16,14.008692,13.472223,12.855463,12.432276,11.388575,15.944056,15.59292,18.657282,14.744165,12.5082035,14.29809,16.48086
2044-06-16,19.340845,17.535059,17.971094,17.0469,14.277796,20.116938,22.176691,19.817377,17.201563,16.416101,20.793665,19.689844
2044-07-16,20.125483,21.859858,21.449549,21.277033,19.78332,19.256037,19.62301,22.741144,24.657373,22.515467,23.326563,21.797876
2044-08-16,20.235193,20.942926,21.784601,20.597895,20.482203,22.209223,21.662867,22.430262,21.981073,20.186975,22.912348,21.158625
2044-09-16,17.473078,18.445063,18.835138,19.51977,19.85879,20.821833,18.782648,19.529078,20.431513,15.992334,19.705317,17.980219
2044-10-16,16.241999,14.208033,15.353937,14.142847,13.369196,13.996271,16.42608,15.558435,15.215662,13.854853,15.960321,14.926691
2044-11-16,8.93664,12.780298,11.39599,9.857447,9.969629,11.116388,11.081385,10.022547,10.589472,8.3492985,8.36471,10.154963
2044-12-16,7.829828,7.7382445,8.380732,8.389704,6.66662,8.761652,5.949365,8.919458,8.48678,5.761499,7.1718383,6.7749877
2045-01-16,7.0867553,7.647241,5.0316405,5.998071,7.1737,9.561396,7.9799743,6.560388,7.91781,5.8816466,8.521509,5.6167235
2045-02-16,7.308618,7.4501586,7.147302,9.197474,8.019007,7.198999,7.73562,5.847223,6.7062316,3.85296,8.603632,5.8497252
2045-03-16,7.186212,8.633295,8.908045,7.306665,8.84646,9.176844,8.234766,9.217615,7.8361754,4.3931518,10.193689,7.808618
2045-04-16,10.087732,12.115137,11.931116,11.889246,9.787043,14.219629,12.323877,12.059748,9.721735,9.533258,12.297937,10.705378
2045-05-16,13.5324955,14.607508,15.609003,16.662928,14.731073,18.393,15.700434,18.260828,12.978144,11.8310795,15.627497,14.31518
2045-06-16,18.403467,17.098139,17.711176,17.346369,17.558283,17.52096,20.62597,20.73614,20.896814,16.740717,21.011194,21.396753
2045-07-16,20.6141,19.944422,21.17422,21.933405,18.34823,20.58883,23.026209,19.905787,24.217005,19.98968,28.46374,24.023676
2045-08-16,19.953913,21.472406,21.243494,20.9331,20.725763,21.07464,22.571833,21.365442,18.988977,20.738611,28.376001,20.300013
2045-09-16,18.882196,18.718317,18.603724,18.628565,19.232233,16.96377,20.78045,19.378199,17.639032,19.27395,21.933252,19.416224
2045-10-16,15.315088,15.929468,13.879786,16.330317,14.43368,12.415064,16.345758,13.695551,13.68429,13.675013,15.174158,14.140345
2045-11-16,9.90835,10.201258,11.161615,10.049738,9.608088,10.443781,10.251886,6.6350036,10.030756,8.429071,10.198023,11.617914
2045-12-16,7.9805236,10.240168,5.9077697,7.5213256,7.612695,9.026758,6.463983,6.332208,5.528711,3.8902526,9.105005,6.7345214
2046-01-16,4.5348754,7.6199584,8.484613,7.4385924,5.8157287,7.3904357,8.22677,6.442865,7.1654296,6.989038,3.784967,7.1589293
2046-02-16,8.530573,7.2403502,8.38006,7.692102,6.5327086,5.9638915,7.1565795,9.292994,6.866815,6.671808,5.218286,6.5936522
2046-03-16,9.692347,10.165674,7.281549,6.6639037,7.2581115,7.3677306,10.171137,8.735743,7.636163,7.22796,7.7346435,8.221582
2046-04-16,10.389032,10.803156,10.850458,10.666773,9.506891,12.175013,10.547602,11.161982,12.130823,10.312738,11.185968,11.263056
2046-05-16,12.3475895,14.064569,14.844629,18.070856,14.536219,17.459162,17.1625,16.249628,15.248896,11.3432255,14.285456,12.316095
2046-06-16,16.372675,21.158869,17.232782,18.626734,16.939478,20.18603,16.698603,19.589289,19.14297,16.549189,19.007654,17.275019
2046-07-16,20.759241,22.57519,18.204157,21.83883,19.27807,23.41253,21.071802,21.285395,21.600122,17.826868,21.680353,20.315607
2046-08-16,21.023432,20.778955,19.350183,22.027155,22.483454,23.122522,19.76388,22.4555,21.504663,19.67663,24.253473,21.376429
2046-09-16,19.200434,20.194605,19.69311,20.22906,18.253077,19.086695,18.756342,18.620874,17.993402,17.263514,22.378107,18.47735
2046-10-16,14.964624,16.3901,15.377588,14.243891,14.632532,14.063013,15.597132,13.070948,14.646814,13.636316,19.754206,14.997919
2046-11-16,10.455164,10.9969425,10.183863,11.325251,11.503077,10.319757,8.745234,10.732386,9.5932865,9.637476,10.231501,11.634394
2046-12-16,7.396112,5.554651,8.551325,8.1505375,5.2505126,9.51037,6.3746886,6.7690063,6.550714,6.8610473,9.89419,9.712824
2047-01-16,6.7804503,4.5597167,6.3770385,8.264338,2.0361876,7.284204,4.7859435,9.063807,6.087671,7.53396,8.672174,7.654596
2047-02-16,8.967951,7.997003,7.7411437,6.2487426,7.3720946,6.1318297,8.457209,7.100488,4.185388,6.2992797,9.557886,6.818048
2047-03-16,10.759119,7.114099,10.252893,9.434473,10.703577,8.80044,8.871637,8.965509,5.861505,7.664331,9.484003,9.632135
2047-04-16,13.587793,10.411646,10.780237,12.507837,16.531305,11.639307,10.782923,12.039972,9.037378,8.68368,11.741571,11.7373295
2047-05-16,16.733637,14.084284,15.14123,14.788446,14.129297,17.927546,14.204889,17.772058,13.2721195,12.007959,14.763605,16.08056
2047-06-16,17.67901,17.448236,15.914942,16.699549,18.949518,21.632837,19.368341,21.502253,17.634119,16.127924,21.893091,17.524683
2047-07-16,22.324488,20.322412,18.84936,20.823969,19.663538,21.872065,22.178064,22.033289,18.80282,18.16723,21.603815,20.136133
2047-08-16,24.455164,20.552332,20.939753,24.772486,19.76153,21.035425,23.19018,21.45547,18.971735,17.36822,22.070002,24.329737
2047-09-16,20.17599,20.781458,19.418604,17.73916,20.134912,19.163507,19.015528,19.891565,17.492395,17.124445,20.20495,20.966272
2047-10-16,13.912897,15.571711,17.270105,14.189203,14.680109,14.203424,14.833124,15.361353,13.739954,12.672815,15.893061,15.539972
2047-11-16,10.853205,12.886347,9.089136,11.383783,8.946466,11.312372,11.150293,10.761957,10.228266,7.6068053,10.089991,12.35293
2047-12-16,6.1438537,7.2147155,7.635431,9.806665,5.686792,7.9340453,6.884851,7.2522826,5.981012,7.046472,8.611414,6.6577697
2048-01-16,8.632593,7.6281676,7.0450377,5.658685,6.8655944,8.670435,6.1707397,8.955744,6.1000304,5.0533385,5.734613,7.017175
2048-02-16,7.926843,10.5559025,5.2226195,7.550073,6.650354,7.6496215,6.9716125,8.317804,7.001947,5.1884704,5.812036,5.4848266
2048-03-16,11.92248,9.94845,9.54928,10.276148,9.925135,7.3306518,10.053095,8.315027,7.7799926,7.510858,6.8508544,7.9457335
2048-04-16,13.56814,11.329676,12.013483,12.984613,9.969049,11.038599,12.902643,9.607294,9.064325,9.940973,9.830652,11.12295
2048-05-16,16.775873,17.457178,14.703455,16.73379,15.132685,16.169733,13.244471,14.896692,11.052912,11.013697,15.322931,13.457483
2048-06-16,20.87597,17.84646,21.015741,18.73858,17.91302,17.687647,19.963465,17.224298,20.619379,15.05633,20.93542,17.720423
2048-07-16,19.88888,18.713648,22.542566,20.46853,20.885736,19.977686,20.87411,21.190943,22.767267,17.058435,23.852442,20.316431
2048-08-16,20.335627,19.78805,25.417902,18.759119,19.864862,22.025507,24.430689,19.396692,20.951624,21.511103,24.704462,19.883692
2048-09-16,18.421564,19.7615,20.360376,17.907892,18.55459,18.819971,21.60589,19.577326,20.731562,17.68957,19.607721,18.418085
2048-10-16,16.984797,15.473932,14.808496,15.331629,13.879145,14.848871,15.305262,13.997522,16.480127,12.527277,16.153528,15.811457
2048-11-16,11.603113,10.677668,9.600885,11.557581,9.3284855,11.3363285,10.998346,10.707239,10.111353,8.764338,10.587122,8.678522
2048-12-16,6.9321227,7.8664794,8.542627,7.9699035,6.5476623,8.347803,6.288873,7.2741942,6.0945067,4.063043,8.782587,7.955133
2049-01-16,6.311731,7.149835,6.0435424,8.836054,8.146082,9.964411,6.8310485,7.807733,6.9980407,6.1784606,8.308435,8.894068
2049-02-16,7.3123717,5.0537963,9.167505,8.639521,7.23858,9.224054,8.044062,8.15011,5.4226317,4.752069,7.60708,9.129999
2049-03-16,8.649591,8.768885,9.020319,9.111689,9.437952,11.240595,10.156794,8.517603,9.362513,6.987024,8.282923,9.300226
2049-04-16,11.2055,12.044001,13.281916,10.984552,9.328333,11.906855,11.170099,12.027765,11.00683,7.8062377,10.397303,11.400293
2049-05-16,14.601007,17.520716,16.068415,14.014643,12.674189,15.659113,14.246088,15.990839,15.951319,14.900568,18.602777,14.446894
2049-06-16,17.01037,20.769464,18.506006,18.000635,16.660425,20.982996,19.268122,20.940393,21.749933,17.466394,25.12005,22.902521
2049-07-16,21.340662,22.002405,22.382013,18.905603,19.228418,27.494745,20.191034,22.208216,21.287958,17.665644,26.230371,23.186243
2049-08-16,22.176203,23.686304,22.493555,19.92364,20.843592,24.900843,20.498468,21.154383,22.535242,19.462885,22.891748,23.645044
2049-09-16,18.247614,20.574213,18.554926,20.393305,15.985224,19.73858,20.40957,18.457605,19.385431,17.86886,22.57171,21.785883
2049-10-16,15.680841,15.211969,15.068598,14.6184635,11.804316,13.670191,15.635859,13.339685,14.4309025,14.10351,15.796534,15.095942
2049-11-16,11.1279545,10.5693,11.832453,11.44964,9.020197,9.737055,10.788843,10.898554,11.392939,10.185175,11.375666,11.128443
2049-12-16,8.081446,6.4541564,8.207758,9.770136,6.2326293,8.048395,7.525995,8.366846,8.544092,7.6928954,8.935328,7.656976
2050-01-16,7.7929015,8.1470585,8.623621,7.779382,5.602716,9.388208,6.406793,7.2304015,7.717096,7.1091857,6.5197997,8.088556
2050-02-16,6.18728,5.399133,8.328577,7.3486876,7.444452,8.646814,5.403772,8.813623,7.4566894,2.3248534,5.3895507,6.171991
2050-03-16,7.7674193,6.554559,7.120355,7.8522277,5.592157,9.401361,7.0613647,7.401666,9.403925,6.034784,8.542078,9.366083
2050-04-16,11.60998,12.515192,10.087061,10.803827,10.292536,12.976496,10.00506,13.805841,9.018488,10.932032,12.25622,11.438105
2050-05-16,12.991877,13.744013,14.007349,14.857874,14.344324,16.36709,16.670557,16.139063,14.46493,12.362299,15.745417,14.057947
2050-06-16,16.561914,19.79867,15.83758,22.046228,17.794489,18.879755,23.086939,19.619501,17.676966,15.881067,21.221613,18.303492
2050-07-16,19.468164,21.826868,19.97967,22.3464,19.008692,22.91302,20.684961,21.920832,19.317102,17.769373,23.288263,24.05816
2050-08-16,21.675318,22.496546,20.268488,21.30401,20.401575,22.036829,22.857935,24.86822,23.122828,19.741816,22.635706,21.16656
2050-09-16,21.381647,20.461359,18.665583,17.799555,19.334345,21.48733,24.380304,20.773035,20.623804,18.318659,20.36648,20.034693
2050-10-16,13.521967,14.842829,15.521448,13.6383,13.095575,18.974451,16.836786,14.45669,16.519861,14.253412,17.5505,16.32458
2050-11-16,11.421137,11.101679,9.624659,10.811487,10.747187,10.744349,11.744745,11.713984,11.895197,8.178583,11.389521,11.46142
2050-12-16,9.029596,6.688745,7.747461,9.103357,6.2070556,9.377649,8.555353,6.9494567,8.786005,7.8540587,10.302393,6.8897643
2051-01-16,8.52392,4.779016,5.1751037,8.8024845,7.6046386,8.50738,9.986567,8.25564,6.3116393,6.166681,4.5623107,8.103388
2051-02-16,9.192133,8.792353,9.873316,8.487848,7.2860045,7.5065856,6.088281,6.8853087,5.546106,4.851587,5.9000487,8.291132
2051-03-16,10.170191,8.356195,12.361689,9.524988,7.2838683,9.9274845,8.507288,8.874079,6.5438476,5.4799438,8.439447,8.4732
2051-04-16,9.420679,11.008905,12.9153385,10.900751,10.052729,10.433313,9.40774,12.112635,8.761133,10.267359,11.689081,10.782679
2051-05-16,14.382441,16.203424,14.494623,13.763819,13.188837,13.218683,14.937983,16.742853,15.098536,13.405909,13.302149,16.158564
2051-06-16,19.825373,19.593195,22.045954,19.863031,17.043726,26.801874,16.250849,18.90014,16.85467,18.651514,21.09823,20.97912
2051-07-16,21.549067,22.669794,22.765223,19.399408,19.57998,20.30639,20.458887,25.262568,20.588007,19.669214,25.041834,24.655634
2051-08-16,20.942133,20.651148,23.787104,22.998987,20.437159,19.760462,25.736475,22.585321,19.166315,22.949244,25.323542,24.117212
2051-09-16,19.498346,21.71142,19.799067,18.53219,17.744776,19.379328,20.809229,20.769342,18.474543,15.436701,20.135859,18.919367
2051-10-16,15.214502,16.746454,15.281733,13.911737,14.824915,14.612238,15.801691,15.187311,13.344263,10.915125,13.792902,17.191095
2051-11-16,11.83758,9.938654,9.35113,10.2745,9.984339,11.726313,11.887476,10.369349,11.267786,7.1239867,10.781336,10.097864
2051-12-16,6.475549,8.043055,8.415918,9.313166,5.5421996,8.554743,7.648523,7.347711,6.9022765,6.8106017,8.349787,9.049311
2052-01-16,6.3360534,8.978327,7.9094176,7.3743224,6.6343017,9.730616,6.8817687,6.4459777,6.7844787,6.024896,4.901117,6.3992248
2052-02-16,7.268213,5.895715,9.4621525,5.145349,5.8694396,9.569208,7.219049,7.26922,8.02392,6.311334,7.7302794,6.321222
2052-03-16,7.7556396,9.520441,9.604792,7.8721557,8.893457,10.628382,10.098719,9.039881,7.2315917,8.456202,9.670099,7.240686
2052-04-16,12.549128,10.7745,10.830042,11.490564,14.880976,11.457727,10.563471,14.6036625,10.674189,8.164026,12.725672,10.46258
2052-05-16,14.8424015,15.303919,13.679407,14.516932,14.58761,14.654535,17.335901,15.991602,19.089655,13.558893,18.84295,15.104639
2052-06-16,21.57052,19.242334,17.166162,22.979334,19.537775,19.022821,18.638819,19.088282,20.717035,13.770624,22.482264,20.740442
2052-07-16,21.76449,21.696527,19.778284,24.301325,23.490564,21.951197,19.92364,21.091547,25.92422,19.443903,24.890009,21.576014
2052-08-16,21.635798,21.949274,23.088037,23.147852,25.245203,21.550531,23.524408,23.550684,20.888758,20.417048,24.756556,24.073572
2052-09-16,20.738337,17.951868,20.212122,18.752344,21.536768,20.930262,20.556543,19.265589,18.21084,17.498285,20.69378,20.495386
2052-10-16,15.138147,14.4443,16.203882,15.313013,16.928705,14.696375,15.066431,15.430628,14.326502,13.039301,16.595636,17.005518
2052-11-16,11.630793,12.058374,9.643335,10.797907,11.158747,12.165705,12.032679,9.397638,9.537317,9.707972,13.486933,11.193079
2052-12-16,8.498346,10.219538,9.095636,10.19787,7.7302794,6.254144,6.2268615,8.830774,5.7321105,8.288935,8.8597355,8.229975
2053-01-16,6.88009,8.0411625,6.884088,9.023951,6.277612,6.830499,8.299189,7.2988524,3.4380736,6.6379027,9.208185,7.80108
2053-02-16,8.606897,7.5354247,6.80224,8.28808,6.062738,7.856622,9.224726,6.33468,3.1091857,4.494226,9.230036,7.5902343
2053-03-16,12.737299,8.721399,9.463678,10.400873,9.112421,9.439386,7.4837584,7.0768065,8.182795,6.9855285,11.487146,6.7483153
2053-04-16,14.3346195,11.540766,9.08169,12.327295,12.341425,12.643091,10.978296,12.6123905,11.082727,10.535486,13.609064,13.07464
2053-05-16,14.559046,14.631403,13.282251,13.49502,14.878412,15.865931,17.706476,13.878138,14.074335,11.717646,16.681849,13.82522
2053-06-16,17.33233,21.411493,20.338892,20.34643,15.294245,21.463465,19.817072,18.359491,19.277979,15.732477,19.53399,20.908045
2053-07-16,23.464655,22.62298,22.022333,23.260614,18.197687,21.051386,21.326593,24.52099,18.259943,23.562433,23.395319,23.007502
2053-08-16,23.650263,22.963709,22.716272,22.37832,21.188868,21.38952,20.390375,22.99621,19.31222,20.093653,23.561487,20.802698
2053-09-16,22.582666,20.559046,22.590052,19.764582,19.347559,19.211237,20.640162,19.119745,17.56701,16.561792,23.27038,19.283289
2053-10-16,15.095118,16.238733,15.058374,15.296289,14.435175,15.700037,15.871729,14.40716,14.961451,11.023462,16.265985,14.758142
2053-11-16,9.765345,11.211451,11.807611,10.784967,9.721827,11.569971,11.00683,10.546656,12.702753,7.366998,11.099909,9.957056
2053-12-16,9.367762,10.28927,7.2531676,5.2891784,6.614038,8.264765,7.2387633,8.797388,7.9424987,3.3063293,8.023767,6.594415
2054-01-16,7.4949584,6.6898437,6.939264,6.626367,5.8778625,8.585779,9.555048,7.400476,7.412927,5.300531,6.1895385,7.625055
2054-02-16,7.732721,7.2387633,3.79104,5.52572,4.2356505,9.46734,6.2358947,7.271875,6.615503,5.193811,5.0788817,6.9802184
2054-03-16,8.775873,9.695581,11.1062565,8.959162,7.3747497,9.6607,8.884211,8.846582,7.19082,8.947199,7.505487,9.42724
2054-04-16,11.656366,12.486017,10.991114,12.985712,8.447901,12.734095,12.877924,11.7677555,11.947474,8.061731,10.63415,9.889521
2054-05-16,16.963007,17.54342,16.668512,13.569269,14.775293,14.981104,16.166193,16.252039,13.141565,13.2781925,15.751032,17.233881
2054-06-16,16.471613,17.833887,17.87713,18.176691,17.857538,18.987726,18.427485,18.903467,18.14773,15.840143,21.673487,21.417261
2054-07-16,21.33874,21.54046,20.808344,21.632807,20.7521,21.930109,23.801569,23.698145,20.575495,20.484247,22.43783,23.268671
2054-08-16,23.304407,22.836298,23.285364,20.412043,19.270533,20.895441,22.038874,22.733667,19.973658,22.812983,22.84585,22.961145
2054-09-16,19.333155,20.15188,19.179468,18.230799,21.399256,17.834589,19.681849,19.134638,18.16891,17.202173,21.354181,19.328089
2054-10-16,14.646265,16.324518,14.690546,15.203852,16.316156,13.614069,15.192194,15.31344,15.655329,12.877466,15.011744,14.523767
2054-11-16,11.493036,12.210413,10.351587,11.458429,10.056208,11.74029,11.718317,9.935328,10.8502445,9.53747,8.571711,10.4326725
2054-12-16,8.5819645,9.896509,5.5038695,8.561213,8.026209,9.325708,10.238977,8.410425,6.260858,6.896814,8.953241,7.128015
2055-01-16,7.654596,9.0472355,5.9735045,7.2536864,4.8967223,8.248987,9.51272,6.744928,7.38537,5.217523,3.4952025,8.234674
2055-02-16,8.899561,10.080927,9.283258,6.523828,6.2116027,8.264154,5.783624,7.4401793,7.595453,6.6627746,8.186762,7.2393126
2055-03-16,8.280695,9.5711,6.941034,7.365106,9.082514,9.789911,10.365473,10.801264,8.053583,6.2453246,9.295893,9.158808
2055-04-16,11.244349,12.802729,11.090052,11.747065,12.361933,9.930506,10.353876,12.919214,9.511652,9.933069,10.517115,10.939875
2055-05-16,13.918116,17.753412,16.630396,16.341578,15.074152,18.099451,16.650568,16.2167,16.89779,12.281031,15.536615,13.799738
2055-06-16,19.39004,19.41659,22.036158,20.010645,20.12649,18.375147,19.556635,20.029718,16.712519,17.11999,20.098688,24.821222
2055-07-16,23.854212,21.178064,20.919886,18.88006,19.44015,25.970453,23.005365,23.212183,22.351862,17.942835,24.47561,21.28335
2055-08-16,20.78451,21.099482,21.244623,19.102259,20.556849,24.869806,22.94842,21.27514,20.478144,17.38003,26.212915,24.388208
2055-09-16,20.915766,20.215784,18.930597,19.646814,17.956537,20.809595,20.579615,19.918207,18.715723,17.33172,21.859034,19.372766
2055-10-16,13.580866,17.816034,14.273401,13.978846,14.101618,17.8818,15.052759,16.128717,14.01034,10.781916,18.111322,17.117517
2055-11-16,11.852533,12.365137,10.854151,11.682734,9.453821,10.861231,9.468348,11.892817,11.969416,9.015467,13.2434635,11.7633915
2055-12-16,9.744257,10.149317,8.127588,7.785272,9.512415,8.90185,6.4956603,11.38656,7.948053,7.2925963,11.35177,7.356012
2056-01-16,8.843012,5.382074,3.7707152,9.205866,8.213251,7.7647643,6.132898,6.903314,8.13946,6.7481627,9.531275,8.348566
2056-02-16,8.414515,5.260614,7.8921447,7.4522033,6.2029357,6.302545,8.466639,8.479151,7.5769897,7.12594,8.547937,8.271357
2056-03-16,9.228754,9.99441,7.56109,7.4229064,8.063684,8.55459,8.3337345,10.3632145,8.857111,7.0309997,9.218653,9.201136
2056-04-16,14.348322,10.352106,12.239557,11.489435,11.108606,10.937586,10.796625,11.497095,9.352655,10.019037,13.795252,11.049311
2056-05-16,14.171839,13.936243,15.514429,14.767176,13.532373,14.65365,13.179682,14.691004,17.43719,16.188745,15.253412,16.001581
2056-06-16,17.407038,18.479609,18.58468,19.068506,17.741938,18.49026,19.53448,21.581232,20.316004,19.801264,21.239038,20.291285
2056-07-16,23.280909,20.835505,22.803827,21.681696,18.93426,22.783625,25.33233,22.146631,22.39477,22.582178,23.308527,25.010706
2056-08-16,24.691065,22.054834,24.240015,22.084467,23.250727,24.455683,22.343622,20.66366,23.466791,21.540522,25.005213,23.782312
2056-09-16,23.0534,20.594934,22.797663,18.843378,19.691217,20.381067,20.248316,17.790552,21.202295,18.159784,23.385736,21.060022
2056-10-16,13.568384,16.697107,15.044764,16.673944,14.910059,16.463923,14.949945,15.04986,16.915491,14.392694,17.610651,14.051172
2056-11-16,13.49505,11.895105,10.712122,11.111628,11.028955,12.770411,9.343103,11.105555,12.255854,11.218561,12.347376,9.065088
2056-12-16,9.739832,8.993097,8.87005,8.581568,10.5707035,7.094568,8.213465,9.124323,4.111749,5.7671447,7.26098,8.530817
2057-01-16,8.185511,8.540552,5.5890136,7.943048,6.6014647,7.8579345,8.234949,7.761255,4.6464477,3.5000243,6.770471,8.879084
2057-02-16,7.9280334,9.035669,9.555811,7.282678,6.467157,8.348597,8.517481,8.819452,7.888849,6.77749,5.5068297,7.940576
2057-03-16,8.791071,7.1587768,8.918573,8.1861515,9.638666,8.837122,9.615076,9.676172,7.304834,7.231561,8.991419,9.40066
2057-04-16,10.631067,11.444025,10.091578,11.186945,10.917994,12.063593,12.490595,13.785303,9.432856,6.6474853,12.828913,11.828302
2057-05-16,15.165216,15.084009,13.266657,14.829004,14.141199,16.551966,15.774012,19.15249,12.955103,16.62121,17.339746,16.973444
2057-06-16,19.10708,22.3352,21.01565,17.238337,17.473505,22.136347,22.08224,18.598505,19.715418,19.382349,22.114832,23.060633
2057-07-16,21.806055,21.79104,20.829279,20.044397,18.513727,25.887934,25.084131,22.901545,22.903467,24.643305,22.160852,24.105005
2057-08-16,21.42901,21.124384,21.095972,22.00802,21.828913,23.12948,25.092981,21.674768,22.245844,24.319544,24.371363,22.938105
2057-09-16,22.641016,20.254969,19.933893,21.241999,20.34234,23.753717,18.28927,18.236902,21.537592,21.474512,21.569849,18.970789
2057-10-16,15.725031,15.877253,14.911707,16.48083,15.582117,16.197992,13.405298,15.328669,14.052607,14.119471,16.921228,16.717798
2057-11-16,12.156946,12.440851,9.938654,11.753809,9.777826,11.396509,10.46261,12.814417,10.658655,11.107019,13.515528,11.044855
2057-12-16,8.55987,9.094629,7.6825194,10.090113,7.5940185,10.524775,7.7499022,10.777369,6.9386535,6.895715,10.438288,8.013178
2058-01-16,6.7143493,6.84469,7.3890624,7.658075,7.340051,8.023767,7.1634154,8.877924,8.336298,6.741693,8.8692875,6.814569
2058-02-16,8.985468,8.249933,8.708979,7.1539245,7.472009,8.668665,8.004328,7.003961,8.420557,5.6324706,7.408899,6.7281737
2058-03-16,8.252771,8.231195,9.400476,9.497278,7.525354,9.055933,11.290522,9.49441,7.2183776,5.9440856,8.459925,7.9721007
2058-04-16,11.040461,10.62771,11.847132,11.278803,9.442835,13.536188,13.29159,10.77157,13.654413,7.4871154,9.911341,11.957239
2058-05-16,16.561884,21.25979,14.738459,15.655695,14.62298,15.572351,14.541285,16.882685,14.454981,11.859034,16.621363,13.630945
2058-06-16,17.148676,18.619562,17.640894,20.045435,18.820002,23.545832,20.807611,20.004053,23.031916,17.261225,21.856195,16.756403
2058-07-16,20.628443,21.299097,21.79574,20.631037,19.812891,22.171747,22.603662,21.52096,26.23028,22.973352,25.347864,22.531244
2058-08-16,22.91601,23.99853,22.710688,24.119532,20.092554,20.846186,24.834711,23.981714,23.99267,22.87353,23.78457,22.748926
2058-09-16,21.821222,20.821772,18.978937,22.001215,20.092066,19.033075,19.791468,20.810724,18.949793,16.9638,23.001062,20.164148
2058-10-16,18.066553,18.600306,14.398676,16.276514,14.671991,15.67782,15.544886,14.585138,16.500849,12.690241,18.829493,14.826654
2058-11-16,12.907007,13.524591,10.931086,12.840662,9.50448,12.0107975,9.425135,10.851557,12.160364,9.719843,11.614893,11.527735
2058-12-16,9.833796,9.552729,6.217462,10.43255,7.982599,9.192591,8.39776,7.501428,9.336847,7.8600707,9.408075,7.134668
2059-01-16,6.860315,6.0037475,6.177606,7.590051,6.688226,9.193842,8.74795,4.3645263,9.903803,6.307977,6.473413,7.122522
2059-02-16,7.6431518,10.424433,8.140436,8.009729,6.4962707,8.783411,7.6925597,6.17254,7.9973083,5.205957,5.8936706,8.4890995
2059-03-16,10.114191,10.583338,8.488733,10.445551,9.663416,10.580103,9.0090885,8.0750675,10.962793,7.220514,9.36709,8.222925
2059-04-16,14.846643,10.245417,11.335291,10.7026005,10.201288,11.855494,12.514154,9.915918,10.756983,12.426569,13.991236,11.471582
2059-05-16,16.35171,14.456049,14.317011,19.42245,17.353205,14.47262,12.883478,13.175165,13.459497,13.78982,16.530054,15.148554
2059-06-16,17.98083,20.324121,24.681574,20.38717,19.613,20.702814,18.609888,18.628412,20.460749,15.685968,18.482782,16.99795
2059-07-16,22.177027,21.454767,25.714624,21.504175,21.436335,20.973017,23.488947,21.762995,20.695795,23.995325,24.466822,21.646631
2059-08-16,22.40838,21.50097,25.615534,23.486109,19.271997,23.171656,23.76089,19.910547,21.652826,19.84167,26.509333,23.28811
2059-09-16,23.257135,20.025629,22.14474,20.79217,18.408503,20.138514,21.700342,18.724146,22.096888,16.891077,22.820246,19.368677
2059-10-16,15.678675,16.338923,14.718775,15.999567,14.662867,17.38531,17.798853,14.9049015,17.927729,15.343531,15.3250065,17.223932
2059-11-16,12.84585,11.897791,10.30398,12.661463,10.206995,10.578028,10.737238,12.967859,12.80456,9.466974,10.489801,9.924646
2059-12-16,10.057154,9.288904,8.811365,7.2614684,7.8984923,8.482843,8.512751,8.024775,8.803278,7.439264,9.70434,10.59408
2060-01-16,9.014246,9.974604,8.896418,8.629908,4.7654967,9.455469,7.7795653,6.756555,6.5372863,6.5104613,7.2943053,8.257166
2060-02-16,9.898554,8.15362,5.351892,8.200953,6.757318,10.764917,10.142481,8.414881,8.528986,5.727411,7.5013976,7.0533385
2060-03-16,9.644922,7.5522704,9.306543,9.065058,9.129084,9.711573,10.496485,8.133478,8.704706,6.559747,9.700739,9.515467
2060-04-16,13.889307,10.987879,12.323236,11.431604,12.925165,12.32699,15.098261,10.764246,9.480097,8.483118,13.1592655,10.189814
2060-05-16,15.227045,15.294275,13.188105,14.073267,17.251093,14.95846,18.179956,16.411524,12.728388,14.0845585,16.452234,16.338526
2060-06-16,24.101587,19.986567,17.73614,20.444757,17.370142,21.158747,20.090204,22.084284,20.838068,15.66955,24.334223,22.281641
2060-07-16,22.392115,21.407984,23.371943,24.700495,20.161524,24.017694,22.126917,23.711847,24.563654,19.80639,27.37475,21.808496
2060-08-16,25.385675,21.165033,22.61123,23.766169,19.277155,23.51092,26.736109,22.55459,22.469782,21.326044,23.690454,24.31988
2060-09-16,21.507227,19.352411,20.547663,23.34649,17.95379,21.590998,22.351923,18.621088,18.050379,18.525507,20.834986,20.465296
2060-10-16,14.331903,14.879633,17.010187,17.111353,15.780817,16.079737,15.899958,15.834864,15.482935,15.228846,16.679255,15.317835
2060-11-16,9.338617,9.930994,11.009119,12.123896,12.516565,13.65484,11.061213,11.094294,11.772272,9.13534,12.45492,10.985437
2060-12-16,5.602899,8.46557,9.17956,7.959741,7.164148,9.004755,8.678705,10.747248,7.178674,6.897943,7.830774,8.349939
2061-01-16,8.394129,6.106561,8.299952,7.8642516,5.640985,7.7276855,8.905481,9.033655,6.05813,6.5621886,7.8510985,7.7927184
2061-02-16,10.232386,4.5986876,8.306391,8.191614,5.330438,8.479334,6.7377257,8.63003,6.085443,4.800775,8.163691,8.581507
2061-03-16,9.508051,7.9439025,8.990107,8.771357,7.3229003,10.174738,7.160974,10.820002,7.987695,6.640466,8.782373,8.690882
2061-04-16,13.272425,13.0845585,12.829126,12.749445,7.163141,10.648523,10.157007,11.734674,11.085688,13.048853,11.750116,14.435419
2061-05-16,14.005091,14.531702,18.617243,13.565241,13.858881,16.098688,13.736353,16.061304,15.714106,14.660486,19.01443,20.096552
2061-06-16,15.855005,19.129236,21.08172,20.04458,17.806452,18.275293,21.324396,19.338251,20.99792,15.404474,20.92135,25.740992
2061-07-16,20.418726,21.249231,22.87234,21.236475,20.145105,25.498896,23.949396,21.586908,22.426752,18.32281,22.651667,24.04394
2061-08-16,21.334436,23.065058,25.660639,22.425623,18.597254,25.399683,22.195887,22.319605,24.189112,19.5274,25.441492,21.016779
2061-09-16,21.588099,19.733759,20.745539,19.84466,18.540491,20.543787,22.814966,18.824335,19.366083,17.61175,23.53692,21.527185
2061-10-16,17.598383,15.283319,15.796869,15.168604,13.478693,15.826807,16.864313,16.41601,17.870173,14.207605,15.184198,16.250177
2061-11-16,12.472986,12.173273,13.271021,10.499018,8.640009,12.102259,14.410059,9.687403,12.513056,9.372248,10.535639,11.187922
2061-12-16,10.876703,10.340479,9.448633,9.570459,8.48208,9.082148,7.35473,8.394342,9.871912,7.5311522,8.493647,8.93548
2062-01-16,7.389917,7.8565917,9.952509,6.996881,3.8587584,6.7401366,7.3624816,8.808466,8.730371,6.447534,7.9986815,10.1965885
2062-02-16,8.258692,7.0316405,6.2478576,7.9789367,4.7236876,10.717615,9.311182,8.652857,7.8695006,6.293329,7.2246947,8.3328495
2062-03-16,9.806421,5.7836547,8.853876,10.102106,7.569116,9.637751,8.429926,9.877069,11.19784,7.350641,8.396906,10.8588505
2062-04-16,12.975,10.1617985,11.906427,11.173944,13.813257,12.392115,11.869867,11.969934,12.79394,9.679804,11.006739,14.561182
2062-05-16,13.443964,17.816187,15.363092,14.057062,15.13769,14.800348,15.167444,14.865442,13.749384,15.05456,11.861444,20.30639
2062-06-16,20.835169,19.600794,20.986658,18.069635,18.843317,26.145563,18.904291,22.161737,18.162592,16.755152,20.911768,22.34942
2062-07-16,22.455805,21.663965,21.130121,23.186487,20.999231,21.988092,22.045343,26.879541,23.172846,19.095057,22.695398,24.906
2062-08-16,23.102869,21.919245,23.385614,21.208399,25.204248,23.83114,24.51275,26.299921,21.6076,20.573969,24.75738,23.060785
2062-09-16,23.363794,21.871058,21.411493,19.041346,21.650293,22.548212,22.085901,22.796412,20.667383,18.054193,22.684412,24.091272
2062-10-16,16.339167,15.300043,15.511377,16.510187,14.570795,18.608515,15.418604,17.951502,16.663141,11.893671,16.598719,15.4595585
2062-11-16,11.532099,11.542414,13.201563,11.375727,11.9031315,13.539698,10.673853,11.353632,12.1019535,7.656427,11.189417,12.836847
2062-12-16,7.6792235,9.550287,7.524011,8.061243,9.225916,10.235346,7.283563,9.8336735,8.495325,6.4242797,7.2997985,9.386988
2063-01-16,9.160303,8.106806,6.5881286,8.259729,6.268945,8.643122,7.470819,6.1222777,7.165582,5.587518,7.270471,8.544001
2063-02-16,5.044702,4.5077147,7.5954223,9.110163,7.8231444,7.673242,9.302942,5.3045897,7.309503,6.6426635,9.490931,8.229578
2063-03-16,7.8009887,9.743799,9.295221,10.22616,8.932276,9.306971,9.430353,10.225458,6.545465,6.8414245,8.000757,7.962091
2063-04-16,12.226831,12.273371,11.707788,13.131189,10.512445,11.241968,12.476618,13.314264,10.934351,9.359217,10.837183,11.913752
2063-05-16,13.671656,15.2474,13.964136,14.497034,14.009668,17.035975,16.973291,15.48794,17.20904,11.241571,14.093073,16.872309
2063-06-16,21.712671,19.205256,18.384119,21.2232,19.233393,27.37948,23.412195,21.8565,21.710535,17.198328,21.628809,22.508783
2063-07-16,22.287928,22.88708,23.71264,21.193293,20.647455,25.719934,21.929834,21.221155,23.374567,20.89889,22.594355,22.177057
2063-08-16,22.585443,23.683924,21.576136,24.050104,21.774256,27.601587,27.51034,23.301996,27.318567,21.017725,26.60412,23.726313
2063-09-16,22.299799,19.735163,21.163568,19.137568,19.548456,20.022394,22.73559,21.557947,21.306452,18.421778,21.193811,22.536707
2063-10-16,15.776087,15.86883,15.942652,16.529474,15.633387,16.360895,18.050867,16.771631,17.072535,16.765345,18.256617,17.536005
2063-11-16,10.812922,11.92251,10.175928,13.165064,9.237268,11.838617,11.410791,8.941523,12.652979,9.666864,13.038813,10.73617
2063-12-16,8.158686,9.10766,7.887323,10.35055,8.03982,10.8936405,8.51861,8.179926,7.615442,7.9446044,9.426661,10.567621
2064-01-16,9.996759,8.567987,8.363703,10.0368595,8.275293,8.268213,6.3097777,9.227045,7.0960937,8.580011,8.340754,6.888757
2064-02-16,8.936853,6.8419433,9.475061,7.8076415,7.0048156,8.673731,5.3845153,9.098261,9.157526,7.5989013,7.7369018,8.612452
2064-03-16,8.720148,8.834986,10.194056,7.6142516,9.657007,10.243708,9.379267,10.0394535,7.0291686,6.958978,10.168085,9.616327
2064-04-16,12.470636,9.423639,10.891443,11.1982975,12.5533085,12.394037,8.435144,11.334833,11.948542,10.462397,11.111536,10.415033
2064-05-16,17.57467,18.431208,16.271875,14.298273,13.759302,15.970545,13.988825,16.388727,16.582361,13.055933,15.476709,13.823114
2064-06-16,18.982172,20.36477,21.094385,19.370356,19.080317,20.879175,20.325434,22.25036,18.401117,19.302912,22.776545,19.053583
2064-07-16,23.521723,25.003687,20.19848,24.8688,23.712671,25.700525,21.769922,21.516993,24.095972,18.896235,24.363276,24.117884
2064-08-16,23.703943,22.853815,25.941889,24.695337,23.275873,22.391504,25.840601,22.091455,23.208948,23.200922,26.169031,23.424585
2064-09-16,21.104486,19.638086,19.766932,20.95318,20.300165,20.300257,21.578394,20.481745,23.038294,20.133814,21.149927,19.941706
2064-10-16,16.742243,16.763514,16.360956,14.224634,14.067713,16.486933,16.178675,15.319696,18.334131,13.008509,17.906794,16.92959
2064-11-16,12.355494,11.113977,11.447443,11.976923,10.984095,13.987024,14.454584,11.890192,12.28335,9.66894,12.207026,9.860651
2064-12-16,9.288477,8.6705265,8.833277,10.161249,8.258234,8.6,11.412531,9.251856,6.6641173,7.164392,11.185236,9.223536
2065-01-16,7.577722,6.3399596,8.482325,9.402002,7.5459533,8.774988,8.771051,6.8121276,7.412988,6.355249,5.527948,6.654962
2065-02-16,7.9953246,4.2520995,6.4304137,6.5568786,6.734674,8.137812,7.2944274,5.3315673,8.206903,7.5842223,10.364405,8.2252445
2065-03-16,9.502985,9.318689,9.95138,7.304834,7.521234,10.493097,10.090418,9.662622,7.791864,8.253382,11.349268,9.154688
2065-04-16,9.255884,11.750422,12.6340885,11.404108,9.051325,10.930719,10.550867,11.1071415,11.337122,8.549219,13.762323,9.705774
2065-05-16,14.392084,15.876947,15.425653,17.355585,13.978449,15.302546,14.105829,16.94607,15.58111,12.510035,16.498102,16.808558
2065-06-16,17.527552,18.820612,24.764704,18.564142,18.125544,27.100763,16.647516,20.080164,20.263727,16.949762,22.674036,20.703455
2065-07-16,22.780909,22.301722,21.494867,24.325891,23.366205,30.201868,22.011988,21.919947,25.875086,17.782099,25.137781,25.290796
2065-08-16,21.980066,21.300348,22.373621,24.773798,19.781305,25.461756,25.418238,23.463892,25.434076,23.41958,27.113733,22.563684
2065-09-16,21.86947,18.65719,21.524134,20.574274,18.428888,22.402643,20.52218,21.359583,23.42071,19.853266,21.297846,23.51443
2065-10-16,17.007593,15.499567,15.85644,16.182917,15.038843,17.558832,18.04745,15.173731,17.98437,15.524164,17.607477,16.663202
2065-11-16,11.396357,11.625879,9.829157,11.164209,10.276728,12.4343815,11.889246,12.282526,11.126459,10.382196,10.683832,11.060389
2065-12-16,10.0917,8.990412,6.5404296,8.230616,8.9309635,10.202784,8.825037,5.175958,7.782678,8.712793,8.847986,11.4899235
2066-01-16,6.3934264,9.692408,8.529261,6.101312,6.5641723,5.2781005,7.267938,5.1289,6.6667113,6.381067,8.848169,9.25326
2066-02-16,6.928674,8.971338,6.972345,8.9057255,7.7319884,8.272303,6.4823546,5.730615,7.379144,6.1747985,9.362116,11.045801
2066-03-16,8.809839,10.480219,8.341425,10.190027,8.932581,9.869532,9.64361,7.5389037,9.82284,6.591333,9.077295,9.075373
2066-04-16,9.331629,12.525324,12.461573,9.9882145,9.924646,12.224207,14.527582,10.52276,13.212915,9.427576,12.532679,11.6809635
2066-05-16,14.294519,17.125513,18.320734,14.164362,15.992334,14.33346,18.59109,14.915003,15.074244,10.754053,17.735376,18.21255
2066-06-16,18.602198,22.402674,18.942041,17.309168,17.277124,17.87179,20.702204,20.979853,20.846766,16.27447,23.865992,23.021387
2066-07-16,23.346277,22.56106,21.38128,20.891596,18.927118,23.675623,25.047266,22.833673,24.404718,20.812006,26.777033,26.169214
2066-08-16,26.079462,24.92895,21.823877,24.59347,21.071497,22.09353,22.204798,20.669184,24.829035,21.24914,24.114435,24.536005
2066-09-16,22.588709,21.8854,20.851343,19.102442,19.851038,20.270624,22.013422,20.918146,20.767847,16.175684,22.356592,21.030634
2066-10-16,16.18255,16.57342,15.707148,13.239618,15.536554,18.098505,15.514734,13.631952,15.843073,14.870966,15.841852,16.45614
2066-11-16,11.113428,12.713343,12.049311,10.5993595,11.481562,12.57406,12.909388,9.509699,10.932459,8.492304,12.146296,11.451014
2066-12-16,8.711878,10.697382,9.6688175,7.918817,7.5898986,10.233454,10.611017,9.160425,8.438196,8.65069,8.526911,5.7352843
2067-01-16,7.308679,8.310785,5.9853454,8.593988,6.8561034,10.298395,9.119013,6.1744323,7.0544677,7.096765,8.22613,8.492762
2067-02-16,7.843805,8.999811,5.101953,9.598261,7.4706664,9.161707,7.9234557,6.3153014,10.054773,6.788568,9.149836,8.602686
2067-03-16,9.154047,10.232264,9.253534,10.585474,7.773889,10.425501,8.379694,8.0377445,7.338617,8.674646,8.299433,10.102015
2067-04-16,13.070154,13.527613,10.404291,11.079554,10.196894,12.466242,11.634821,12.016443,11.069147,9.744318,10.440393,10.612207
2067-05-16,15.359766,15.8398075,17.781061,16.975275,12.366083,18.285181,14.16955,17.510065,13.001825,16.640375,16.68786,15.01333
2067-06-16,20.846308,19.177423,22.603449,19.402246,17.093653,22.780054,21.10937,20.187403,16.392603,19.864923,26.053644,18.998041
2067-07-16,22.445795,22.085474,19.92364,27.90426,19.951014,23.47317,22.758844,22.503595,23.982386,19.386377,24.655329,22.761042
2067-08-16,22.945734,23.623224,23.271235,25.525568,23.693964,24.12884,25.273859,25.525904,23.674677,21.923395,24.509089,24.220697
2067-09-16,22.29629,20.589594,20.643671,22.998865,20.94665,22.56991,19.418848,20.66076,19.399164,17.268732,23.513025,21.609888
2067-10-16,16.019892,16.933496,16.339533,14.594538,15.316919,13.995935,15.553858,16.274897,16.4302,14.113062,17.84176,16.519434
2067-11-16,11.323542,13.420404,12.53454,12.828333,8.509821,12.523706,10.267542,10.979883,10.785303,9.756189,13.396784,12.307123
2067-12-16,11.865168,10.096949,8.441065,7.342706,6.574884,9.102533,8.988764,10.986261,10.453028,6.8056273,9.94552,7.51745
2068-01-16,10.201563,8.246149,8.124048,8.014429,8.692133,10.154322,9.0559025,8.352503,8.173151,6.9311156,7.5079284,9.129084
2068-02-16,7.239221,10.037104,9.797144,8.04455,6.57879,9.334467,8.984278,9.735559,8.8432255,7.9307494,8.75448,7.9651732
2068-03-16,8.907862,9.106012,7.588098,9.194635,9.564508,10.929346,9.524103,8.866541,9.849176,7.668237,10.322565,8.902094
2068-04-16,13.754969,10.755884,13.352655,10.492365,9.886621,13.626093,13.0599,11.005274,10.030237,9.294123,12.657618,13.44314
2068-05-16,16.499964,14.76211,16.418695,16.446924,14.198786,15.350641,15.610743,15.721796,15.638727,12.3232975,18.716547,16.064905
2068-06-16,18.917871,18.461725,22.91955,20.254206,19.011347,23.60357,22.740473,20.05572,19.266352,17.553034,23.977076,19.620173
2068-07-16,21.880854,19.94018,23.508326,22.408197,25.086939,25.927546,22.396753,24.642756,22.791498,18.55755,23.992334,22.752893
2068-08-16,25.823145,21.222101,23.645472,22.416864,24.971125,25.98617,27.003595,26.663813,24.039331,20.639795,26.234613,22.533289
2068-09-16,22.82467,20.102991,20.217188,19.831324,19.590815,22.652765,23.364405,20.274347,20.815393,17.63653,22.42599,20.934626
2068-10-16,17.90368,16.931879,16.776423,15.357416,15.927668,17.888025,17.508692,18.562708,16.546564,12.408228,17.63003,14.257685
2068-11-16,12.993708,14.251764,14.176966,10.645044,10.944757,12.363062,10.607447,10.363062,11.456903,9.081842,10.7530155,11.261805
2068-12-16,9.434687,8.132166,9.378626,9.976374,8.957788,10.577448,10.126551,10.531946,9.049494,7.043451,5.869653,8.885309
2069-01-16,8.34054,7.977533,6.821832,7.783899,7.485315,9.667109,6.648584,7.9903197,7.648401,7.8156066,9.931513,7.058252
2069-02-16,7.926904,5.9427123,7.4890075,4.798639,6.9942565,7.0317016,8.800592,8.25326,8.457453,5.87124,6.3305297,9.012995
2069-03-16,7.8492064,7.600702,8.10412,7.974542,8.224756,9.069239,9.372278,9.446039,6.3262267,5.3571105,10.588312,10.38592
2069-04-16,11.978571,9.8909855,11.491724,13.257074,14.371119,10.090052,13.2799015,14.343409,12.953211,11.220972,12.777033,10.594477
2069-05-16,16.559504,19.774408,14.906488,18.982172,16.91897,16.315119,17.483027,15.259333,15.327112,17.238703,15.882074,15.811701
2069-06-16,19.284632,19.96435,17.571497,19.764246,20.738,20.945063,20.341333,19.216486,22.235956,19.400171,18.292658,19.895136
2069-07-16,23.7604,20.810053,22.713037,20.746363,21.822504,24.97384,23.583338,23.729853,26.406305,21.4479,23.047754,25.458063
2069-08-16,23.130274,23.162958,23.24859,24.110712,22.204401,24.526087,22.837915,25.14535,25.132349,20.370813,25.459986,25.369623
2069-09-16,20.819605,20.772272,21.485651,21.934717,18.710993,19.762842,21.557276,20.97085,21.858759,16.584772,21.498316,26.189173
2069-10-16,18.230219,12.840509,15.236048,13.713861,12.754969,14.183313,15.405817,16.040216,17.732935,10.636194,16.314966,15.854212
2069-11-16,14.032068,9.830317,11.746332,10.289759,11.08169,11.4717045,12.442652,13.154566,10.413599,7.601953,11.793177,13.702326
2069-12-16,10.10412,8.636621,6.086206,8.957026,7.629724,9.81579,9.688288,10.503809,9.04278,6.97796,10.726557,9.391962
2070-01-16,8.791803,9.4674015,7.65426,8.309259,7.288568,9.995905,7.9373107,8.094843,8.545069,6.911859,8.587732,6.878412
2070-02-16,7.962213,8.286402,7.234216,7.979242,8.297876,9.394983,9.149988,8.166193,7.9143004,6.740167,10.545465,7.4483886
2070-03-16,8.542383,8.128046,9.378168,9.518854,9.094049,10.167749,7.960962,10.757624,9.188654,7.726251,9.928431,9.240534
2070-04-16,10.076838,12.2399235,10.434565,9.534418,10.413965,12.038782,11.524591,14.387232,13.006525,10.982294,12.767939,12.515833
2070-05-16,13.841333,16.583399,15.810297,13.285913,15.849085,15.119776,14.419703,18.566034,17.18194,12.93432,16.541895,14.064478
2070-06-16,18.19732,18.563013,18.300074,23.28039,17.527185,20.491388,19.877161,22.152369,20.13415,17.90069,19.662256,20.879816
2070-07-16,26.19723,22.547266,21.311121,24.282099,18.939997,24.492975,25.53686,24.083063,22.667994,20.75033,25.1896,22.650354
2070-08-16,26.273981,22.772608,22.358759,25.138605,22.08996,23.344873,25.260706,24.863825,24.322077,19.766352,26.665491,22.707544
2070-09-16,19.978266,20.969599,21.902094,21.319727,21.09707,23.44491,22.356653,21.787226,20.676783,19.212122,23.388971,21.345118
2070-10-16,15.57464,18.56817,16.92544,16.287775,16.885675,14.086908,17.03271,18.315638,16.707941,15.126459,15.8501835,17.317225
2070-11-16,12.408258,12.845118,10.133814,12.454676,10.875727,11.066309,13.289637,13.071436,11.913813,10.117945,13.9821415,13.176325
2070-12-16,10.667902,9.832209,7.770349,9.937342,10.618555,9.639429,5.8062377,10.678095,10.590143,8.812677,9.240931,9.3736515
2071-01-16,8.277277,9.075373,10.394037,7.3294005,7.84646,9.93313,8.845423,8.931543,8.3323,7.887384,7.7486815,8.050592
2071-02-16,7.169,7.482782,10.761957,8.735224,8.736414,7.7189574,7.675287,6.2435546,7.5670104,7.840387,8.308374,6.306421
2071-03-16,8.392176,9.784784,11.437342,9.867212,9.359674,10.000635,8.777002,9.991938,9.192499,5.3265624,9.941828,8.990625
2071-04-16,11.000879,11.91717,13.12594,12.466059,9.823053,13.316645,14.224512,11.369989,12.404352,11.197626,17.10409,13.746637
2071-05-16,15.331049,15.739283,14.513178,19.056238,15.813959,19.16659,16.234186,16.747522,18.914179,16.00033,15.82052,17.780817
2071-06-16,18.311304,24.916346,19.000055,23.411371,19.351526,23.784784,24.087702,22.228022,25.135218,18.140528,22.283838,20.47317
2071-07-16,20.070368,22.312372,24.233698,23.152246,21.812037,23.877283,23.612879,21.433008,25.960993,21.093378,24.363764,23.5664
2071-08-16,22.898066,22.702906,27.892939,24.402826,21.55285,23.878931,27.955683,23.493341,24.841639,20.926722,25.100458,23.990534
2071-09-16,22.107721,20.878168,21.60525,22.010828,20.85238,19.26089,24.877893,21.300837,20.653528,20.573603,23.893244,20.744165
2071-10-16,17.683588,17.154474,17.95968,16.120478,14.675013,15.256464,16.961786,15.95434,16.815271,16.618128,14.820917,17.481134
2071-11-16,14.940332,11.198114,12.051691,11.819422,11.045374,13.419458,12.585901,11.118708,12.920893,10.1097355,12.113092,13.811762
2071-12-16,10.296839,7.8051085,8.46615,8.538721,9.017633,9.860407,8.063868,7.7206664,9.685572,8.914179,9.486231,9.544031
2072-01-16,8.232264,8.823969,10.134241,9.278009,7.9200377,6.493463,8.610254,8.277918,7.0973754,5.985803,7.098474,7.4189696
2072-02-16,9.32345,5.837671,10.634668,9.7859745,8.045557,9.345484,8.42956,7.9292846,8.269342,7.7200255,8.212946,8.131525
2072-03-16,9.245539,10.864893,11.088312,10.153864,9.460505,10.574152,11.097284,8.853022,10.687677,7.3243346,9.4222355,10.269678
2072-04-16,8.959833,13.194757,12.192438,12.780573,11.317713,12.517572,13.312403,10.890558,12.121607,8.759668,11.547632,10.800928
2072-05-16,14.299646,15.312738,14.847345,17.953302,14.903803,14.78042,18.107904,15.471064,13.680994,11.366816,16.42605,12.96319
2072-06-16,19.356043,20.709253,21.751581,23.107203,22.453058,18.476282,22.18368,21.34292,17.194422,18.66717,22.296045,22.533472
2072-07-16,23.297052,23.282648,24.105341,27.632715,23.86059,23.717981,25.751184,24.29754,23.385035,18.47146,28.835993,23.870844
2072-08-16,26.180445,23.501276,24.249628,24.336847,24.943354,25.912775,27.386652,28.087976,22.154291,21.81753,26.88122,28.141413
2072-09-16,22.738123,21.268335,20.153223,23.537714,21.639215,20.166498,23.875727,21.894403,20.755,19.662592,20.685541,24.068232
2072-10-16,19.033045,17.252954,14.669611,16.85995,16.660242,16.750483,17.917017,16.252344,18.475183,14.2182865,17.670527,17.153162
2072-11-16,13.341547,12.074213,12.559534,10.433283,10.915094,10.79397,13.0550785,11.270929,13.551661,10.075342,13.665918,12.740015
2072-12-16,8.919703,9.473322,9.062006,11.01388,10.214563,8.350153,10.82345,8.8892765,10.757349,8.016321,9.5377445,7.9062743
2073-01-16,6.6057677,6.3966002,6.1787353,8.799738,8.175257,6.7606444,8.202417,7.294458,8.965113,6.367761,8.804895,8.500696
2073-02-16,8.167536,10.698908,8.891687,10.263025,8.284906,7.0759826,9.563776,7.267755,4.206598,5.2098937,8.803339,8.105585
2073-03-16,11.770899,10.672449,10.884211,9.924707,8.194666,10.555201,10.16836,11.122187,9.321741,8.942408,9.439295,12.595758
2073-04-16,10.252527,14.195185,11.978876,13.103937,10.006891,12.076166,11.954981,14.638819,12.628351,13.531641,10.164576,10.500727
2073-05-16,15.295313,16.398157,15.54455,16.43725,15.830378,18.95431,18.842463,16.501642,17.861048,19.133722,17.382715,17.90658
2073-06-16,20.456995,17.696436,21.0151,18.919764,21.834131,19.940638,20.023035,21.152308,23.277521,18.945887,24.166529,19.244806
2073-07-16,22.291742,23.959558,21.785486,22.886835,22.26861,22.021173,23.51089,25.058313,22.491175,20.7792,23.636072,23.558222
2073-08-16,21.614801,24.243402,23.632532,25.094385,20.153223,24.37591,28.775843,25.532587,22.846155,24.305933,24.587244,24.118494
2073-09-16,19.465693,21.086847,22.373743,21.590693,19.007929,21.169764,23.015924,20.62948,21.647486,20.71618,23.80633,20.990503
2073-10-16,19.610285,16.47732,17.18081,17.817926,12.696283,18.863611,17.905542,16.354486,17.445002,15.194727,17.032679,18.389185
2073-11-16,13.590448,12.334436,12.411005,12.453455,10.583612,13.3059025,10.85235,10.512171,10.932093,10.561518,14.022181,12.778223
2073-12-16,7.321008,8.821436,6.4951415,9.712091,8.048944,11.319941,9.033319,10.5168705,9.470118,8.89065,9.520868,9.567774
2074-01-16,7.164392,10.652674,6.0285277,8.110559,5.4376464,10.493036,10.558283,10.322168,7.016229,7.817102,6.494409,9.69842
2074-02-16,8.688288,10.007624,9.28985,9.766779,6.65249,10.724634,8.802515,9.179224,7.2550597,6.2634826,8.399286,7.395868
2074-03-16,9.40362,9.291071,11.504053,10.859217,7.894403,9.866999,8.903101,10.939051,9.463099,7.3219237,8.474237,8.590326
2074-04-16,11.078272,12.365198,12.227991,11.135035,11.166773,12.45196,12.814447,12.398096,13.202906,11.398279,12.38415,13.278833
2074-05-16,14.001184,15.977259,15.096369,18.691889,17.197016,18.449518,16.552362,17.456903,13.26565,13.510065,13.081781,18.374323
2074-06-16,20.347223,18.790247,18.980036,19.63061,20.31344,19.986994,22.429407,18.689753,20.504541,18.426905,22.86587,18.455042
2074-07-16,24.218622,21.88592,22.23974,24.313868,20.654535,23.593958,25.645594,22.597223,22.034082,20.118769,24.670862,20.82339
2074-08-16,22.270655,22.559137,25.006128,23.076807,22.960169,23.255335,25.550043,21.606897,25.707788,20.004633,28.19839,24.49331
2074-09-16,21.419275,19.307673,23.38,19.006037,19.20788,20.084162,20.403101,20.305933,23.764551,19.349268,22.845942,21.295069
2074-10-16,18.88769,16.343805,15.504908,16.246912,15.80987,18.792322,15.956507,15.022791,16.447474,15.923273,19.454859,17.38772
2074-11-16,11.314661,13.394373,12.300562,12.167231,13.271845,12.919001,11.799067,11.923059,11.975672,9.5273075,13.429285,12.701624
2074-12-16,9.452387,10.472681,8.273035,9.778345,6.909845,10.1948185,9.426508,9.795282,9.607447,8.613855,11.54928,9.43902
2075-01-16,8.329401,10.53866,9.26977,9.845942,7.527887,7.9223266,7.3845763,5.4867187,7.2269225,7.0728393,8.023005,7.102258
2075-02-16,8.808069,8.48031,9.878351,8.462488,7.7681518,7.487024,6.711084,7.1094604,7.9347777,6.2646117,9.745569,8.236475
2075-03-16,8.456263,11.174707,11.734369,9.637659,8.367395,9.259058,12.633966,9.704676,10.487207,9.418146,11.142572,8.483301
2075-04-16,9.407648,12.348322,12.656458,13.432795,8.707026,13.312006,11.782557,12.825098,10.955927,12.088556,12.369165,14.281214
2075-05-16,14.796076,17.018,17.931177,14.617273,15.080317,17.119593,15.884058,16.307215,18.052118,14.06576,17.208368,15.423853
2075-06-16,17.818506,18.43493,21.679865,20.612146,21.69079,20.2492,22.968775,20.265375,20.367731,17.718714,23.6654,19.007746
2075-07-16,23.139856,23.751673,25.338251,24.48205,23.146173,25.023981,22.448633,25.790949,27.735682,22.137201,24.983454,23.660303
2075-08-16,24.069971,25.49026,27.610407,24.264673,25.18316,25.745844,26.604944,25.145105,25.059778,21.965601,27.501642,25.18606
2075-09-16,20.537134,22.893427,21.94781,22.280573,20.357813,22.241175,22.368189,21.42962,24.330042,20.172113,24.608454,21.505854
2075-10-16,18.09521,16.601343,19.152338,18.1477,15.202448,15.5724125,16.862146,17.88827,17.826197,14.203882,17.832209,17.701838
2075-11-16,11.330133,11.252863,13.723139,12.690271,10.177851,14.302942,13.105341,13.056147,12.022638,10.3836,11.793604,13.25503
2075-12-16,10.006739,10.815058,9.17901,8.738733,8.135004,8.586481,9.682703,10.525904,9.171534,8.851496,9.813532,9.970819
2076-01-16,9.384424,6.067224,9.22967,9.096369,6.620416,7.841211,7.1128783,8.429865,9.843164,7.428766,10.336878,8.2875
2076-02-16,8.161982,7.7967772,8.3788395,6.794458,6.8970885,9.468958,9.736902,9.930353,5.9146667,6.523126,9.541407,7.978845
2076-03-16,11.001215,10.917261,10.732294,10.539423,8.057001,10.115564,11.832392,10.405268,10.181208,8.452204,9.27511,9.912195
2076-04-16,10.2763,12.368494,12.286707,14.629786,10.577692,12.023859,13.977747,14.439508,11.192713,12.0707035,15.342676,13.959009
2076-05-16,15.66366,21.753565,15.012079,17.896296,15.705561,17.0758,15.454248,19.74087,16.779657,15.437128,13.72909,17.356623
2076-06-16,22.823572,21.496424,18.839869,19.896143,19.985102,19.561365,21.440119,24.47198,20.738916,18.877985,22.757502,23.262262
2076-07-16,25.012598,22.003412,24.99264,22.82812,20.943323,27.584711,25.205317,25.41833,26.96322,23.101923,27.908197,27.622675
2076-08-16,25.762323,24.104548,25.930292,26.628351,23.718988,27.147516,27.825342,24.806696,25.037714,21.97909,28.361933,26.399622
2076-09-16,20.931787,22.76858,22.723597,20.597132,21.74145,24.714533,24.721674,20.22378,22.72503,19.581934,22.960993,21.260157
2076-10-16,15.924219,16.649897,16.692255,16.465631,13.802027,18.652308,18.51446,17.291498,17.562128,15.011286,16.849665,17.588465
2076-11-16,11.975458,13.62298,13.146845,11.926416,11.685358,11.419764,14.8918705,11.21084,11.652124,11.594141,11.85116,11.860712
2076-12-16,10.609156,11.038507,7.9916625,10.723902,9.023645,10.680597,10.743738,8.291712,9.471521,8.57226,9.631891,10.462275
2077-01-16,9.289545,8.985163,8.991297,9.9604435,6.8908324,10.158442,8.413019,5.6018004,7.374933,5.356378,5.8101745,6.9531493
2077-02-16,8.415857,10.336206,9.383417,9.697992,7.85177,9.081751,6.4239745,8.059473,7.997247,6.463403,8.305109,9.206995
2077-03-16,9.5245,10.815393,9.226496,11.135706,8.237726,10.05282,9.535669,9.666681,7.657068,7.6992126,9.390223,11.184046
2077-04-16,13.530329,13.417261,11.908594,13.810022,9.694239,12.004328,12.290888,13.898157,12.605463,8.854425,12.4648075,11.889154
2077-05-16,15.008936,16.502253,14.909906,16.890772,14.716761,17.176935,20.09698,15.867945,13.989374,17.502985,16.326288,12.985529
2077-06-16,19.494501,20.321222,22.404657,20.593805,15.427912,21.842798,19.681849,19.720606,25.383295,16.852198,19.727594,20.129084
2077-07-16,23.850672,23.561365,21.637873,23.690546,20.832788,28.225672,26.396387,25.455042,22.599695,20.159723,24.34884,22.824488
2077-08-16,27.687128,23.16427,22.387873,25.831781,23.659967,26.727198,29.717218,25.654352,23.857447,20.61059,25.179743,22.683558
2077-09-16,22.292475,20.765924,18.619165,22.752008,20.355951,26.559137,23.922083,21.729975,20.120905,19.655268,22.20547,21.012568
2077-10-16,19.884027,17.728907,14.795496,16.546778,13.86474,16.706537,17.487513,18.58172,16.718195,14.991785,18.572382,15.937372
2077-11-16,12.875483,12.547846,9.992029,12.315851,10.103907,11.521112,14.168604,12.5316105,11.505701,10.302454,14.02331,12.938776
2077-12-16,10.730188,10.1939335,6.4824157,11.281855,7.034845,10.059565,10.623194,8.901514,8.836664,8.490198,10.551416,10.252192
2078-01-16,8.908869,9.2495365,6.079309,9.336084,4.717645,5.866937,7.508203,6.624536,9.553797,6.7030272,9.341944,9.356562
2078-02-16,6.613916,9.474604,9.979822,9.505243,5.868219,7.7636657,7.1022277,8.322992,8.46023,4.401544,9.166712,11.157892
2078-03-16,7.5502257,11.00033,9.765955,10.910334,7.086267,10.282648,11.099939,10.040918,9.124933,9.03219,9.425379,10.852564
2078-04-16,9.971155,13.348658,12.902094,12.092615,14.235285,13.188288,13.164606,14.124018,11.1036625,10.6722355,10.650293,13.932825
2078-05-16,16.692316,14.87237,13.85708,14.407953,14.773859,16.074915,18.65069,16.914026,16.96081,13.688196,19.292078,16.986322
2078-06-16,22.567286,18.595148,19.770838,23.850183,16.20901,26.69256,21.858393,18.45144,24.932734,20.729822,21.696741,22.060297
2078-07-16,27.54745,21.027887,24.07226,27.284784,21.890741,27.108759,24.46206,23.109156,24.109797,20.656641,24.032007,24.326136
2078-08-16,24.351404,23.284021,25.092188,24.567316,26.219141,23.270288,26.631678,25.697168,26.314295,25.378656,23.492609,26.783167
2078-09-16,19.589594,22.644434,23.176722,24.196863,20.688044,23.591272,22.202356,21.725214,24.105494,20.053186,22.26977,20.813593
2078-10-16,13.497736,16.823359,17.294153,18.674677,17.716425,21.128504,17.51806,16.09994,18.382196,14.598383,19.621332,18.223322
2078-11-16,12.617182,13.165979,12.227259,13.752069,11.593378,13.659052,12.8302555,9.641687,13.261621,10.046198,12.904657,12.062616
2078-12-16,9.205164,10.67779,8.005396,10.133692,9.1896305,9.436579,8.989405,10.516718,7.750238,8.893824,10.691156,10.664759
2079-01-16,8.388483,8.888575,8.516352,9.270411,7.0284057,9.53982,9.310419,7.433313,6.5987487,7.779901,9.459742,8.631556
2079-02-16,10.361109,7.8782897,8.001764,10.36767,7.1996703,8.292597,11.359003,9.340479,8.351984,8.015833,9.073267,8.779688
2079-03-16,10.1271305,10.67367,8.719141,12.087336,8.789515,10.103144,12.812433,10.040155,8.051538,9.669458,10.16482,9.282465
2079-04-16,13.219873,12.733606,10.794336,13.597986,9.198969,16.49557,13.166407,13.292078,12.584803,13.077936,11.918299,11.791498
2079-05-16,19.906824,16.758753,16.043879,18.831171,12.36709,16.68783,19.26916,16.39718,14.400324,12.95965,22.597681,18.527948
2079-06-16,20.043024,21.070765,23.134058,21.199945,16.284815,23.029078,20.053766,25.32641,21.196436,19.264887,24.44488,18.597864
2079-07-16,25.466547,27.0964,24.344385,25.986567,19.784418,27.35644,24.326166,24.017939,23.18493,21.3081,24.676233,23.606226
2079-08-16,28.416254,25.63653,26.26089,26.246912,22.8146,24.93844,26.27746,25.270716,26.324,23.909937,26.752588,27.653254
2079-09-16,23.573053,23.123957,21.704737,20.710596,19.732172,21.621485,24.51388,21.099207,23.047327,18.785791,25.00094,21.670893
2079-10-16,16.519464,18.778955,16.917566,19.318262,14.125757,15.538904,17.839106,16.740503,19.724298,13.631983,18.523096,16.483728
2079-11-16,13.562799,12.908503,12.497156,11.973963,9.738337,13.824274,13.985804,11.890375,13.185358,10.323389,13.915125,13.590998
2079-12-16,7.15307,11.514978,7.6158385,9.178736,8.984095,10.967646,8.849939,11.452997,8.784571,7.374658,10.268152,9.95141
2080-01-16,10.329859,8.201288,8.418055,8.070002,7.662256,9.017145,6.345697,10.756037,7.9632506,7.675714,8.966181,7.473779
2080-02-16,8.763727,8.724329,7.8074584,8.74798,7.802545,9.118006,7.4886107,7.8748717,8.003504,7.270105,9.643518,9.151026
2080-03-16,10.323236,11.89657,8.249109,10.138117,7.440637,10.458002,9.467524,7.54046,8.673578,9.437983,10.327448,10.788965
2080-04-16,12.529566,12.888941,11.85705,13.697809,10.297358,14.109949,10.172785,13.337275,12.264978,12.281763,13.412165,13.789118
2080-05-16,12.730951,17.242365,16.270472,17.089716,15.345911,18.248102,15.784021,16.441462,16.869043,12.596552,18.99734,14.804407
2080-06-16,19.349787,21.376429,19.86178,22.683466,24.080378,20.544916,21.566248,22.538477,21.439661,18.985193,21.076197,18.81396
2080-07-16,20.543634,24.471796,24.415125,27.990564,21.625269,26.41479,23.76571,26.629541,27.656916,23.476221,27.744318,25.66189
2080-08-16,23.2438,24.532587,23.646082,25.59704,25.597162,27.416132,23.966486,24.484156,24.1737,25.534357,28.806238,26.676569
2080-09-16,21.308619,23.076838,23.404627,22.620539,21.038782,21.18136,20.157099,21.403315,20.116358,19.870966,24.459436,22.955896
2080-10-16,18.007837,19.653101,18.54214,19.213617,17.258783,18.4732,17.130487,15.844568,16.736994,14.031885,20.28036,17.325068
2080-11-16,13.57342,15.320246,13.775995,14.119471,10.037165,14.400385,10.782434,12.126398,12.1800785,11.205591,15.197992,12.981165
